head_seed,draw,nominal_budget,delta_brier
2026092800,1,24,-0.015559417398574556
2026092801,1,24,-0.014107186856746506
2026092802,1,24,-0.006823355764118626
2026092803,1,24,-0.013081490015145114
2026092804,1,24,-0.010443685228317274
2026092805,1,24,-0.006866518988438403
2026092806,1,24,-0.01625703793184687
2026092807,1,24,-0.012097713316009558
2026092808,1,24,-0.010707266212938089
2026092809,1,24,-0.012600522419929898
2026092810,1,24,-0.01292293401370773
2026092811,1,24,-0.01211589310662539
2026092812,1,24,-0.013713516329798984
2026092813,1,24,-0.011696546087586437
2026092814,1,24,-0.01854692386392376
2026092815,1,24,-0.010444182274400589
2026092816,1,24,-0.01450380213256546
2026092817,1,24,-0.014012651367636157
2026092818,1,24,-0.017069430246634824
2026092819,1,24,-0.009382103990592732
2026092800,1,47,-0.004640365001461714
2026092801,1,47,-0.004598220291759706
2026092802,1,47,-0.006798464721571809
2026092803,1,47,-0.004599698678752216
2026092804,1,47,-0.006448891935462059
2026092805,1,47,-0.004777856666592644
2026092806,1,47,-0.006305094444033231
2026092807,1,47,-0.005476562462385592
2026092808,1,47,-0.006955521040510621
2026092809,1,47,-0.0049699470768171305
2026092810,1,47,-0.004436988989553365
2026092811,1,47,-0.002542531708855854
2026092812,1,47,-0.005318276331868324
2026092813,1,47,-0.005571136392432599
2026092814,1,47,-0.006059690457826205
2026092815,1,47,-0.00512317112132505
2026092816,1,47,-0.004634147127800429
2026092817,1,47,-0.005490423237573783
2026092818,1,47,-0.004474898565413943
2026092819,1,47,-0.005261257755423412
2026092800,2,24,-0.009856750039904447
2026092801,2,24,-0.01352377172830398
2026092802,2,24,-0.012708540862390231
2026092803,2,24,-0.01468458541450294
2026092804,2,24,-0.01975830495747339
2026092805,2,24,-0.01364547040047941
2026092806,2,24,-0.01119798438095485
2026092807,2,24,-0.016015106927262778
2026092808,2,24,-0.01690553726361652
2026092809,2,24,-0.008897058930504027
2026092810,2,24,-0.01513176188820005
2026092811,2,24,-0.015435971627429365
2026092812,2,24,-0.01459233694180274
2026092813,2,24,-0.017915037206235128
2026092814,2,24,-0.01887834436210139
2026092815,2,24,-0.016400924193625637
2026092816,2,24,-0.018809658998421734
2026092817,2,24,-0.019921435997636315
2026092818,2,24,-0.015873518646595197
2026092819,2,24,-0.013033451141099547
2026092800,2,47,-0.0012013531875059652
2026092801,2,47,-0.0007473053958361113
2026092802,2,47,-0.0009453643056504257
2026092803,2,47,-0.0013173980077516502
2026092804,2,47,-0.001980607266427166
2026092805,2,47,-0.001159102745246505
2026092806,2,47,-0.001385385846783349
2026092807,2,47,0.00018196196729210407
2026092808,2,47,-0.0017655019148327107
2026092809,2,47,-0.0005772916859920591
2026092810,2,47,-0.0003581465251746516
2026092811,2,47,-0.001030682417375583
2026092812,2,47,-0.0011082166923237706
2026092813,2,47,-0.0005465646663729248
2026092814,2,47,7.0380063058972236e-06
2026092815,2,47,-0.00010597130507489489
2026092816,2,47,-0.005532418118154267
2026092817,2,47,-0.0006125415892739492
2026092818,2,47,-0.0010361796844864002
2026092819,2,47,-0.000368843087031396
2026092800,3,24,-0.010699149777332455
2026092801,3,24,-0.008026085165470964
2026092802,3,24,-0.01127293773771937
2026092803,3,24,-0.008647500992529939
2026092804,3,24,-0.008966529426558172
2026092805,3,24,-0.016600250605187505
2026092806,3,24,-0.00873243761868537
2026092807,3,24,-0.010600046899859725
2026092808,3,24,-0.009699250960108553
2026092809,3,24,-0.011852998029894205
2026092810,3,24,-0.00955895492809701
2026092811,3,24,-0.009675315407269992
2026092812,3,24,-0.014948140044577592
2026092813,3,24,-0.014753022305956353
2026092814,3,24,-0.011156069227983982
2026092815,3,24,-0.004856808679295036
2026092816,3,24,-0.005785230425326301
2026092817,3,24,-0.010247608902665366
2026092818,3,24,-0.008771059168182195
2026092819,3,24,-0.007406943217759705
2026092800,3,47,-0.0037986964475145144
2026092801,3,47,-0.0038375425075079677
2026092802,3,47,-0.003235385029443731
2026092803,3,47,-0.002640103756390695
2026092804,3,47,-0.00464975702867718
2026092805,3,47,-0.0038296692496867656
2026092806,3,47,-0.0047227465973797315
2026092807,3,47,-0.0034959067626562815
2026092808,3,47,-0.004106998199109224
2026092809,3,47,-0.003961623602263168
2026092810,3,47,-0.0033633722175363734
2026092811,3,47,-0.003361666985837999
2026092812,3,47,-0.0036864931387251797
2026092813,3,47,-0.006717109893005053
2026092814,3,47,-0.006964211721446843
2026092815,3,47,-0.0031579555754789827
2026092816,3,47,-0.002058153839457196
2026092817,3,47,-0.0039148251851154
2026092818,3,47,-0.0058319648816809585
2026092819,3,47,-0.004197529553945439
2026092800,4,24,-0.002933900196937937
2026092801,4,24,-0.010280317754575295
2026092802,4,24,-0.008114591025492106
2026092803,4,24,-0.01380336153335436
2026092804,4,24,-0.0041374162797733855
2026092805,4,24,-0.006802160765245607
2026092806,4,24,-0.016510927470599474
2026092807,4,24,-0.006576720674310165
2026092808,4,24,-0.008787801102372076
2026092809,4,24,-0.012093483637271401
2026092810,4,24,-0.007057986710938715
2026092811,4,24,-0.008354259569314819
2026092812,4,24,-0.018585733007978604
2026092813,4,24,-0.0055172627853425004
2026092814,4,24,-0.005724947236480326
2026092815,4,24,-0.003143032958623498
2026092816,4,24,-0.005338108058449253
2026092817,4,24,-0.006831902624747988
2026092818,4,24,-0.011610807333617003
2026092819,4,24,-0.009437202235754331
2026092800,4,47,-0.004691477740641225
2026092801,4,47,-0.00490217204402355
2026092802,4,47,-0.006745086123004912
2026092803,4,47,-0.006153804369696432
2026092804,4,47,-0.003012645118474826
2026092805,4,47,-0.0027466311122866156
2026092806,4,47,-0.006872497711092651
2026092807,4,47,-0.004462224974949459
2026092808,4,47,-0.003930535108857293
2026092809,4,47,-0.004591254399884738
2026092810,4,47,-0.003978227621383263
2026092811,4,47,-0.004545230284397239
2026092812,4,47,-0.00403792459512636
2026092813,4,47,-0.004563983412448837
2026092814,4,47,-0.006827348862285235
2026092815,4,47,-0.004309517671075283
2026092816,4,47,-0.0023038533154263047
2026092817,4,47,-0.003315307780413616
2026092818,4,47,-0.00578258544939379
2026092819,4,47,-0.004561054248239235
2026092800,5,24,-0.008264147318219945
2026092801,5,24,-0.007377173629017689
2026092802,5,24,-0.009020046778438083
2026092803,5,24,-0.00793195026734391
2026092804,5,24,-0.006348341049937213
2026092805,5,24,-0.007211069847414771
2026092806,5,24,-0.007011238991514756
2026092807,5,24,-0.0041967269144137865
2026092808,5,24,-0.009497020805749991
2026092809,5,24,-0.007333482260394932
2026092810,5,24,-0.010491255316929203
2026092811,5,24,-0.008601822125356741
2026092812,5,24,-0.006482451228423265
2026092813,5,24,-0.009083292166271573
2026092814,5,24,-0.007511056134445228
2026092815,5,24,-0.007710356560539846
2026092816,5,24,-0.008358729171626236
2026092817,5,24,-0.007543646932366495
2026092818,5,24,-0.0042632851241261975
2026092819,5,24,-0.005734692257934476
2026092800,5,47,-0.002073402683604947
2026092801,5,47,-0.0014945992791556874
2026092802,5,47,-0.002213509049832936
2026092803,5,47,-0.00034562961427472085
2026092804,5,47,-0.002210462894762749
2026092805,5,47,-0.0008659041403928876
2026092806,5,47,-0.0007966023812106343
2026092807,5,47,-0.0017986242616490969
2026092808,5,47,-0.00144119291908329
2026092809,5,47,-0.0014402830532860879
2026092810,5,47,-0.0016131623546412654
2026092811,5,47,-0.0017100519257473618
2026092812,5,47,-0.0011107920773157352
2026092813,5,47,-0.0015168943316111812
2026092814,5,47,-0.0016195957088259167
2026092815,5,47,-0.003253802881649214
2026092816,5,47,-0.0008966075576037079
2026092817,5,47,-0.001228328686657518
2026092818,5,47,-0.0015778785709013113
2026092819,5,47,-0.0008215827988445488
