weighting,nominal_budget,method,conditions,macro_brier,actual_cal_artists_min,actual_cal_artists_max,macro_log_loss,electronic_brier,electronic_average_precision,electronic_ece_5,electronic_ece_10,pop_brier,pop_average_precision,pop_ece_5,pop_ece_10,ambient_brier,ambient_average_precision,ambient_ece_5,ambient_ece_10,rock_brier,rock_average_precision,rock_ece_5,rock_ece_10
ambient_balanced,24,raw,100,0.1367423786300267,24,24,0.4271463103889358,0.13006086736518435,0.8305218285606446,0.031607800984007436,0.04374256330716238,0.13698167232527614,0.4247556313038708,0.030291449247447057,0.040662863595583396,0.15746145180611573,0.3824603616711055,0.18225269863644758,0.18225269863644758,0.12246552302353039,0.6252117285932524,0.0327635528655567,0.03904712822477416
ambient_balanced,24,prior_offset,100,0.12481985400406187,24,24,0.396818840934255,0.13006086736518435,0.8305218285606446,0.031607800984007436,0.04374256330716238,0.13698167232527614,0.4247556313038708,0.030291449247447057,0.040662863595583396,0.10977135330225658,0.3824603616711055,0.032521452778135194,0.03563874808147964,0.12246552302353039,0.6252117285932524,0.0327635528655567,0.03904712822477416
ambient_balanced,24,temperature,100,0.140448015274054,24,24,0.4490404219261432,0.13163357005937776,0.8305218285606446,0.042876306974570025,0.05355732703305615,0.13924044431650412,0.4247556313038708,0.05620859133008068,0.061142381047944845,0.16304272081997978,0.3824603616711055,0.17235452479463054,0.17380528546046714,0.12787532590035441,0.6252117285932524,0.07090419639584533,0.07533768196853469
ambient_balanced,24,platt,100,0.13951085231667149,24,24,0.5046143579648932,0.1428303481670652,0.8305218285606446,0.08778290254449676,0.09201595633343321,0.15700644631438088,0.4247556313038708,0.09258822962310771,0.09769185611775967,0.12209573358386504,0.3824603616711055,0.06987457906631267,0.074764791062446,0.13611088120137496,0.6243116022721533,0.09486875206198048,0.09797141906423733
ambient_balanced,24,beta,100,0.14118975329306552,24,24,0.5484200543789927,0.14711060717538504,0.8305218285606446,0.09148893057989202,0.09994242406869233,0.15790470276158766,0.4247556313038708,0.08936420164484034,0.09446506460651824,0.12187381809495125,0.3824603616711055,0.07209572473628559,0.07750741909140625,0.1378698851403381,0.6222179753889889,0.09507212528412758,0.09822489986404832
ambient_balanced,24,isotonic,100,0.14921213825934235,24,24,1.9709267920751392,0.15574245655939903,0.7375075246167713,0.09507064526956764,0.09977542779092362,0.16715331784839282,0.35972816473192476,0.1011017881116867,0.10925496245998252,0.13026461827804436,0.2917028015261259,0.0931045875196782,0.09517515025550301,0.1436881603515333,0.5432464922446172,0.10595370988274869,0.11005046890387808
ambient_balanced,24,ridge_platt,100,0.1312649780323133,24,24,0.4306929657663609,0.1305309298289332,0.8305218285606446,0.0331801406357515,0.04498802836341797,0.14402583834676874,0.4247556313038708,0.0530084363669527,0.06132660442463199,0.12360536422463854,0.3824603616711055,0.07296798320280785,0.07764654447959814,0.1268977797289128,0.6249409266820839,0.050902726317259325,0.056765912736700556
ambient_balanced,47,raw,100,0.1367423786300267,47,47,0.4271463103889358,0.13006086736518435,0.8305218285606446,0.031607800984007436,0.04374256330716238,0.13698167232527614,0.4247556313038708,0.030291449247447057,0.040662863595583396,0.15746145180611573,0.3824603616711055,0.18225269863644758,0.18225269863644758,0.12246552302353039,0.6252117285932524,0.0327635528655567,0.03904712822477416
ambient_balanced,47,prior_offset,100,0.12481985400406187,47,47,0.396818840934255,0.13006086736518435,0.8305218285606446,0.031607800984007436,0.04374256330716238,0.13698167232527614,0.4247556313038708,0.030291449247447057,0.040662863595583396,0.10977135330225658,0.3824603616711055,0.032521452778135194,0.03563874808147964,0.12246552302353039,0.6252117285932524,0.0327635528655567,0.03904712822477416
ambient_balanced,47,temperature,100,0.13820738170058397,47,47,0.4333995603066389,0.13124808682111844,0.8305218285606446,0.04152058121840071,0.05288841056176537,0.13872350650337578,0.4247556313038708,0.049122538249267746,0.05502633630587675,0.15978783772652533,0.3824603616711055,0.17256440668373416,0.172831060196789,0.1230700957513163,0.6252117285932524,0.03997233164161795,0.04654999191452218
ambient_balanced,47,platt,100,0.12873558886898498,47,47,0.41073522821878183,0.1382138361515094,0.8305218285606446,0.07263638922133302,0.0774608953037787,0.14052567257370502,0.4247556313038708,0.05973363634436981,0.06328247747776221,0.11163732946475752,0.3824603616711055,0.041807595574941486,0.04643296066313129,0.12456551728596799,0.6252117285932524,0.04755366180729819,0.053450774365537745
ambient_balanced,47,beta,100,0.130473717132599,47,47,0.422213176241777,0.14162501322822643,0.8305218285606446,0.07852226565513548,0.08580131311177902,0.14089180045684985,0.4247556313038708,0.05987032312807468,0.06551733498311356,0.11353393110222798,0.3824603616711055,0.04921392983326773,0.054017805978970275,0.12584412374309178,0.6252117285932524,0.051323325981291607,0.0566576024700054
ambient_balanced,47,isotonic,100,0.13794367748396752,47,47,1.093873805331482,0.14988856252819263,0.7525781552023046,0.08142288012423923,0.08527044621485425,0.1484149386403042,0.36939729102197866,0.0767064923510839,0.083748790531655,0.12270886699751751,0.32469054830750915,0.06963586638101066,0.07235293994168138,0.13076234176985568,0.562713148403355,0.0617707148351488,0.06894397452748591
ambient_balanced,47,ridge_platt,100,0.12614186180976072,47,47,0.4006046408469942,0.1309044194282592,0.8305218285606446,0.036515255728237876,0.046964747105151694,0.13747228004525966,0.4247556313038708,0.03544564993494773,0.04497233572392308,0.11371344212679527,0.3824603616711055,0.048892498149476424,0.052776679140533765,0.12247730563872883,0.6252117285932524,0.032502732457000486,0.039382605822524536
ambient_balanced,94,raw,20,0.13674237863002667,94,94,0.4271463103889359,0.13006086736518435,0.8305218285606445,0.031607800984007436,0.0437425633071624,0.13698167232527614,0.42475563130387073,0.030291449247447054,0.040662863595583396,0.15746145180611576,0.3824603616711054,0.18225269863644755,0.18225269863644755,0.12246552302353038,0.6252117285932524,0.0327635528655567,0.03904712822477416
ambient_balanced,94,prior_offset,20,0.1248198540040619,94,94,0.3968188409342549,0.13006086736518435,0.8305218285606445,0.031607800984007436,0.0437425633071624,0.13698167232527614,0.42475563130387073,0.030291449247447054,0.040662863595583396,0.10977135330225658,0.3824603616711054,0.0325214527781352,0.03563874808147964,0.12246552302353038,0.6252117285932524,0.0327635528655567,0.03904712822477416
ambient_balanced,94,temperature,20,0.13686484634256071,94,94,0.4267584334974363,0.12971776953892372,0.8305218285606445,0.025503861126324568,0.04030479425122015,0.138113058823522,0.42475563130387073,0.04777079928912318,0.0532438774062017,0.15782094495473678,0.3824603616711054,0.17898189660328656,0.17898189660328656,0.12180761205306039,0.6252117285932524,0.024326078866809354,0.03254628075277967
ambient_balanced,94,platt,20,0.12449224889867762,94,94,0.395285879660308,0.13111109192373424,0.8305218285606445,0.03802052168472845,0.048002668249324434,0.1366913412320488,0.42475563130387073,0.031406571692603254,0.04472227078483535,0.10824143543895355,0.3824603616711054,0.021326709095147264,0.02839756733939979,0.12192512699997386,0.6252117285932524,0.023033876404106778,0.03390271396880703
ambient_balanced,94,beta,20,0.12589568671357304,94,94,0.39890673915246005,0.13577973831159867,0.8305218285606445,0.0594561327072992,0.06537337274256634,0.13705240129598223,0.42475563130387073,0.032949305275217645,0.04249626613305425,0.10917410847626408,0.3824603616711054,0.02467885664585209,0.03040291618888081,0.12157649877044721,0.6252117285932524,0.023466051250593232,0.03250088682751319
ambient_balanced,94,isotonic,20,0.13102876037750905,94,94,0.5167382901939402,0.14497268003920566,0.7706313533589926,0.06765903369237514,0.07067794589079704,0.13947674906236115,0.3719826792291427,0.027726103167584126,0.03693619871377283,0.11382978118438163,0.3382986538502372,0.04822697568992308,0.05061319663829157,0.12583583122408767,0.5795340668182046,0.04211067745980636,0.04761277793746638
ambient_balanced,94,ridge_platt,20,0.12462186408875017,94,94,0.3962661897104276,0.13006086736518435,0.8305218285606445,0.031607800984007436,0.0437425633071624,0.13698167232527614,0.42475563130387073,0.030291449247447054,0.040662863595583396,0.10950080040603889,0.3824603616711054,0.029180205814290046,0.03550298337267836,0.12194411625850124,0.6252117285932524,0.02353858831026402,0.03455117312552313
unweighted,24,raw,100,0.12503316119485602,24,24,0.39718009035647645,0.13006086736518435,0.8305218285606446,0.031607800984007436,0.04374256330716238,0.13698167232527614,0.4247556313038708,0.030291449247447057,0.040662863595583396,0.11062458206543313,0.38682876016976964,0.036406289810576226,0.040554934413391024,0.12246552302353039,0.6252117285932524,0.0327635528655567,0.03904712822477416
unweighted,24,prior_offset,100,0.12503316119485602,24,24,0.39718009035647645,0.13006086736518435,0.8305218285606446,0.031607800984007436,0.04374256330716238,0.13698167232527614,0.4247556313038708,0.030291449247447057,0.040662863595583396,0.11062458206543313,0.38682876016976964,0.036406289810576226,0.040554934413391024,0.12246552302353039,0.6252117285932524,0.0327635528655567,0.03904712822477416
unweighted,24,temperature,100,0.128238329231026,24,24,0.4189374308343883,0.13163357005937776,0.8305218285606446,0.042876306974570025,0.05355732703305615,0.13924044431650412,0.4247556313038708,0.05620859133008068,0.061142381047944845,0.11420397664786776,0.38682876016976964,0.06293477942073777,0.06567534072120072,0.12787532590035441,0.6252117285932524,0.07090419639584533,0.07533768196853469
unweighted,24,platt,100,0.13955588552253811,24,24,0.5037080672150281,0.1428303481670652,0.8305218285606446,0.08778290254449676,0.09201595633343321,0.15700644631438088,0.4247556313038708,0.09258822962310771,0.09769185611775967,0.12227586640733151,0.38682876016976964,0.06995128204969493,0.07500486613123032,0.13611088120137496,0.6243116022721533,0.09486875206198048,0.09797141906423733
unweighted,24,beta,100,0.1413284186148794,24,24,0.5438159193949592,0.14711060717538504,0.8305218285606446,0.09148893057989202,0.09994242406869233,0.15790470276158766,0.4247556313038708,0.08936420164484034,0.09446506460651824,0.12242847938220686,0.38682876016976964,0.07112371242259878,0.07675665150098793,0.1378698851403381,0.6222179753889889,0.09507212528412758,0.09822489986404832
unweighted,24,isotonic,100,0.14931563001321532,24,24,1.9848816802227018,0.15574245655939903,0.7375075246167713,0.09507064526956764,0.09977542779092362,0.16715331784839282,0.35972816473192476,0.1011017881116867,0.10925496245998252,0.1306785852935362,0.29290869270909353,0.09264943465012801,0.09461391000755595,0.1436881603515333,0.5432464922446172,0.10595370988274869,0.11005046890387808
unweighted,24,ridge_platt,100,0.12875580775437634,24,24,0.42354421393357156,0.1305309298289332,0.8305218285606446,0.0331801406357515,0.04498802836341797,0.14402583834676874,0.4247556313038708,0.0530084363669527,0.06132660442463199,0.11356868311289059,0.38682876016976964,0.04708558281999865,0.05078092611400138,0.1268977797289128,0.6249409266820839,0.050902726317259325,0.056765912736700556
unweighted,47,raw,100,0.12503316119485602,47,47,0.39718009035647645,0.13006086736518435,0.8305218285606446,0.031607800984007436,0.04374256330716238,0.13698167232527614,0.4247556313038708,0.030291449247447057,0.040662863595583396,0.11062458206543313,0.38682876016976964,0.036406289810576226,0.040554934413391024,0.12246552302353039,0.6252117285932524,0.0327635528655567,0.03904712822477416
unweighted,47,prior_offset,100,0.12503316119485602,47,47,0.39718009035647645,0.13006086736518435,0.8305218285606446,0.031607800984007436,0.04374256330716238,0.13698167232527614,0.4247556313038708,0.030291449247447057,0.040662863595583396,0.11062458206543313,0.38682876016976964,0.036406289810576226,0.040554934413391024,0.12246552302353039,0.6252117285932524,0.0327635528655567,0.03904712822477416
unweighted,47,temperature,100,0.12627927283861765,47,47,0.4035983276199003,0.13124808682111844,0.8305218285606446,0.04152058121840071,0.05288841056176537,0.13872350650337578,0.4247556313038708,0.049122538249267746,0.05502633630587675,0.11207540227866009,0.38682876016976964,0.04804493059469308,0.05183367002388068,0.1230700957513163,0.6252117285932524,0.03997233164161795,0.04654999191452218
unweighted,47,platt,100,0.12866742233845288,47,47,0.410558115137024,0.1382138361515094,0.8305218285606446,0.07263638922133302,0.0774608953037787,0.14052567257370502,0.4247556313038708,0.05973363634436981,0.06328247747776221,0.11136466334262916,0.38682876016976964,0.04169846935411425,0.04628840673608546,0.12456551728596799,0.6252117285932524,0.04755366180729819,0.053450774365537745
unweighted,47,beta,100,0.13060298050653688,47,47,0.42243618934713495,0.14162501322822643,0.8305218285606446,0.07852226565513548,0.08580131311177902,0.14089180045684985,0.4247556313038708,0.05987032312807468,0.06551733498311356,0.11405098459797941,0.38682876016976964,0.05012934909873411,0.0552838557789354,0.12584412374309178,0.6252117285932524,0.051323325981291607,0.0566576024700054
unweighted,47,isotonic,100,0.13784920952345142,47,47,1.0996695545927186,0.14988856252819263,0.7525781552023046,0.08142288012423923,0.08527044621485425,0.1484149386403042,0.36939729102197866,0.0767064923510839,0.083748790531655,0.12233099515545305,0.3269144406048335,0.06849968299360112,0.07155588714413706,0.13076234176985568,0.562713148403355,0.0617707148351488,0.06894397452748591
unweighted,47,ridge_platt,100,0.12536775234083164,47,47,0.39839632422446525,0.1309044194282592,0.8305218285606446,0.036515255728237876,0.046964747105151694,0.13747228004525966,0.4247556313038708,0.03544564993494773,0.04497233572392308,0.11061700425107888,0.38682876016976964,0.03650868105901517,0.04138546372323319,0.12247730563872883,0.6252117285932524,0.032502732457000486,0.039382605822524536
unweighted,94,raw,20,0.12503316119485602,94,94,0.39718009035647656,0.13006086736518435,0.8305218285606445,0.031607800984007436,0.0437425633071624,0.13698167232527614,0.42475563130387073,0.030291449247447054,0.040662863595583396,0.11062458206543316,0.38682876016976964,0.03640628981057623,0.04055493441339102,0.12246552302353038,0.6252117285932524,0.0327635528655567,0.03904712822477416
unweighted,94,prior_offset,20,0.12503316119485602,94,94,0.39718009035647656,0.13006086736518435,0.8305218285606445,0.031607800984007436,0.0437425633071624,0.13698167232527614,0.42475563130387073,0.030291449247447054,0.040662863595583396,0.11062458206543316,0.38682876016976964,0.03640628981057623,0.04055493441339102,0.12246552302353038,0.6252117285932524,0.0327635528655567,0.03904712822477416
unweighted,94,temperature,20,0.12510435799641412,94,94,0.39665797592536456,0.12971776953892372,0.8305218285606445,0.025503861126324568,0.04030479425122015,0.138113058823522,0.42475563130387073,0.04777079928912318,0.0532438774062017,0.11077899157015043,0.38682876016976964,0.03427483906891401,0.039312489800309686,0.12180761205306039,0.6252117285932524,0.024326078866809354,0.03254628075277967
unweighted,94,platt,20,0.12440421093089325,94,94,0.3950380132894656,0.13111109192373424,0.8305218285606445,0.03802052168472845,0.048002668249324434,0.1366913412320488,0.42475563130387073,0.031406571692603254,0.04472227078483535,0.10788928356781613,0.38682876016976964,0.019919011611260824,0.027534804175030368,0.12192512699997386,0.6252117285932524,0.023033876404106778,0.03390271396880703
unweighted,94,beta,20,0.12570886883372998,94,94,0.39833598154493943,0.13577973831159867,0.8305218285606445,0.0594561327072992,0.06537337274256634,0.13705240129598223,0.42475563130387073,0.032949305275217645,0.04249626613305425,0.10842683695689177,0.38682876016976964,0.021759829489167958,0.028449813524846834,0.12157649877044721,0.6252117285932524,0.023466051250593232,0.03250088682751319
unweighted,94,isotonic,20,0.13075572865269788,94,94,0.5148592040687336,0.14497268003920566,0.7706313533589926,0.06765903369237514,0.07067794589079704,0.13947674906236115,0.3719826792291427,0.027726103167584126,0.03693619871377283,0.11273765428513674,0.34165426935793425,0.044016239849230865,0.04723151195095403,0.12583583122408767,0.5795340668182046,0.04211067745980636,0.04761277793746638
unweighted,94,ridge_platt,20,0.1247558318074933,94,94,0.3964590222601494,0.13006086736518435,0.8305218285606445,0.031607800984007436,0.0437425633071624,0.13698167232527614,0.42475563130387073,0.030291449247447054,0.040662863595583396,0.11003667128101147,0.38682876016976964,0.031263419592669844,0.03620745105623326,0.12194411625850124,0.6252117285932524,0.02353858831026402,0.03455117312552313
