representation,weighting,fraction,method,n,mean_brier,mean_delta_raw,median_delta_raw,min_delta_raw,max_delta_raw,wins,ties,losses,mean_delta_platt,wins_vs_platt,final_fallback_labels,successful_labels,bound_hit_labels
maest,ambient_balanced,0.25,beta,20,0.14462298212510963,0.004179246751988491,0.0033144916339852143,-0.005522924749718716,0.014278100394751747,6,0,14,0.0006179039114416467,11,0,80,45
maest,ambient_balanced,0.25,isotonic,20,0.15324855636186832,0.012804820988747185,0.013965767888279843,-0.0021388454232074,0.023675680201982408,2,0,18,0.00924347814820034,1,0,80,0
maest,ambient_balanced,0.25,platt,20,0.14400507821366798,0.003561342840546844,0.0029350919179869372,-0.006697859092700875,0.013231209108361203,6,0,14,0.0,0,0,80,0
maest,ambient_balanced,0.25,prior_offset,20,0.13274854583422824,-0.007695189538892891,-0.006557130768354222,-0.013628465672387596,-0.002852083362119895,20,0,0,-0.011256532379439736,19,0,80,0
maest,ambient_balanced,0.25,raw,20,0.14044373537312116,0.0,0.0,0.0,0.0,0,20,0,-0.003561342840546844,14,0,80,0
maest,ambient_balanced,0.25,ridge_platt,20,0.13804841225159628,-0.0023953231215248392,-0.0018889951598652505,-0.012250936108195387,0.008306962886512809,10,0,10,-0.0059566659620716835,17,0,80,0
maest,ambient_balanced,0.25,temperature,20,0.1450756895262242,0.004631954153103082,0.003438917023183441,-0.0007651257041074444,0.014046779814816779,2,0,18,0.0010706113125562382,9,0,80,0
maest,ambient_balanced,0.5,beta,20,0.13730611400067033,-0.0031376213724508134,-0.0032488401408963946,-0.010635442629039454,0.00278999894183711,15,0,5,0.0008150636339222007,6,0,80,24
maest,ambient_balanced,0.5,isotonic,20,0.14203706912547984,0.001593333752358731,0.002117949146559564,-0.00684341687027637,0.011674418290401556,7,0,13,0.005546018758731746,1,0,80,0
maest,ambient_balanced,0.5,platt,20,0.13649105036674813,-0.003952685006373014,-0.00410650450442529,-0.012345771567792985,0.0035630911665801707,16,0,4,0.0,0,0,80,1
maest,ambient_balanced,0.5,prior_offset,20,0.13274854583422824,-0.007695189538892891,-0.006557130768354222,-0.013628465672387596,-0.002852083362119895,20,0,0,-0.0037425045325198774,16,0,80,0
maest,ambient_balanced,0.5,raw,20,0.14044373537312116,0.0,0.0,0.0,0.0,0,20,0,0.003952685006373014,4,0,80,0
maest,ambient_balanced,0.5,ridge_platt,20,0.1343375436601568,-0.006106191712964364,-0.005655506637627303,-0.012752732576360837,0.0,19,1,0,-0.00215350670659135,17,0,80,0
maest,ambient_balanced,0.5,temperature,20,0.14297153342347746,0.0025277980503562924,0.0013678352579146041,-0.00014767655766800836,0.010249624134667276,1,0,19,0.006480483056729307,0,0,80,0
maest,ambient_balanced,1.0,beta,20,0.1338632593695911,-0.006580476003530021,-0.006916598925714806,-0.012502675602651697,-0.00038347139752489823,20,0,0,0.00036086417101828804,9,0,80,7
maest,ambient_balanced,1.0,isotonic,20,0.1373469993531478,-0.0030967360199733373,-0.003151428991588587,-0.010135158569423389,0.005643683292422125,17,0,3,0.0038446041545749715,1,0,80,0
maest,ambient_balanced,1.0,platt,20,0.13350239519857282,-0.006941340174548309,-0.007255389822401634,-0.013454313421531791,-0.0015941053670125993,20,0,0,0.0,0,0,80,0
maest,ambient_balanced,1.0,prior_offset,20,0.13274854583422824,-0.007695189538892891,-0.006557130768354222,-0.013628465672387596,-0.002852083362119895,20,0,0,-0.0007538493643445825,13,0,80,0
maest,ambient_balanced,1.0,raw,20,0.14044373537312116,0.0,0.0,0.0,0.0,0,20,0,0.006941340174548309,0,0,80,0
maest,ambient_balanced,1.0,ridge_platt,20,0.13259453817196581,-0.007849197201155348,-0.007379701720122103,-0.013808744086042712,-0.002666045062263589,20,0,0,-0.0009078570266070382,17,0,80,0
maest,ambient_balanced,1.0,temperature,20,0.14120870900690077,0.0007649736337796136,0.0006846979270137138,-0.001154557926185129,0.0027533100316919495,2,0,18,0.007706313808327923,0,0,80,0
maest,unweighted,0.25,beta,20,0.14478383171323106,0.012623895878568636,0.01403156992950809,0.0022452360928375825,0.019031405476467533,0,0,20,0.0008122399676920196,10,0,80,46
maest,unweighted,0.25,isotonic,20,0.15271665372302967,0.020556717888367233,0.022326620150267748,0.009180851637722628,0.03172020710311635,0,0,20,0.008745061977490618,1,0,80,0
maest,unweighted,0.25,platt,20,0.14397159174553903,0.011811655910876614,0.01275369036168418,0.0004732124708571872,0.018363488120234972,0,0,20,0.0,0,0,80,0
maest,unweighted,0.25,prior_offset,20,0.13215993583466243,0.0,0.0,0.0,0.0,0,20,0,-0.011811655910876614,20,0,80,0
maest,unweighted,0.25,raw,20,0.13215993583466243,0.0,0.0,0.0,0.0,0,20,0,-0.011811655910876614,20,0,80,0
maest,unweighted,0.25,ridge_platt,20,0.1359047037601231,0.0037447679254606543,0.0031284699384191567,-4.9952487803622825e-05,0.013607680172916886,1,1,18,-0.00806688798541596,20,0,80,0
maest,unweighted,0.25,temperature,20,0.13639554358235767,0.004235607747695231,0.003366085287367704,-0.0009114845811477312,0.01374717997167163,3,0,17,-0.007576048163181383,19,0,80,0
maest,unweighted,0.5,beta,20,0.13718354132297772,0.005023605488315299,0.004316861157030227,0.0013360657857194314,0.014398757389127367,0,0,20,0.0008001880047689682,6,0,80,28
maest,unweighted,0.5,isotonic,20,0.14171282216449071,0.00955288632982825,0.008785413365808709,0.0021390926822970335,0.01659805886380533,0,0,20,0.005329468846281919,1,0,80,0
maest,unweighted,0.5,platt,20,0.13638335331820875,0.004223417483546331,0.0037454211799268777,-0.0003809332662235154,0.015278835075471578,1,0,19,0.0,0,0,80,1
maest,unweighted,0.5,prior_offset,20,0.13215993583466243,0.0,0.0,0.0,0.0,0,20,0,-0.004223417483546331,19,0,80,0
maest,unweighted,0.5,raw,20,0.13215993583466243,0.0,0.0,0.0,0.0,0,20,0,-0.004223417483546331,19,0,80,0
maest,unweighted,0.5,ridge_platt,20,0.1327607778225552,0.0006008419878927335,0.0,-0.0013408525782538372,0.003943979302035022,6,5,9,-0.0036225754956535974,20,0,80,0
maest,unweighted,0.5,temperature,20,0.1344679187576318,0.002307982922969372,0.0011518984281287947,-0.0003504411971652355,0.010654437625019358,2,0,18,-0.0019154345605769591,16,0,80,0
maest,unweighted,1.0,beta,20,0.13373510063125432,0.001575164796591875,0.0017629325004693969,-0.0017384755003400088,0.00462441793192922,4,0,16,0.0003396927856882573,9,0,80,15
maest,unweighted,1.0,isotonic,20,0.1371190592244352,0.004959123389772771,0.004528330021898591,0.0016550723444278548,0.009930724798162871,0,0,20,0.0037236513788691536,1,0,80,0
maest,unweighted,1.0,platt,20,0.13339540784556606,0.0012354720109036175,0.0011524367732744095,-0.0021753011913104026,0.004192580455929282,4,0,16,0.0,0,0,80,0
maest,unweighted,1.0,prior_offset,20,0.13215993583466243,0.0,0.0,0.0,0.0,0,20,0,-0.0012354720109036175,16,0,80,0
maest,unweighted,1.0,raw,20,0.13215993583466243,0.0,0.0,0.0,0.0,0,20,0,-0.0012354720109036175,16,0,80,0
maest,unweighted,1.0,ridge_platt,20,0.1325104774912727,0.00035054165661027316,3.8005894026985065e-05,-0.0021446106580664814,0.002391659759718043,4,5,11,-0.0008849303542933444,16,0,80,0
maest,unweighted,1.0,temperature,20,0.13280694623437123,0.0006470103997087938,0.0004215067802471467,-0.0013054664659852,0.0029112117693320394,2,0,18,-0.0005884616111948238,12,0,80,0
mert_v0,ambient_balanced,0.25,beta,20,0.15446355479677587,-0.0012833663015497502,-0.002762555021284807,-0.014989120871921585,0.03096024698557015,12,0,8,-0.0003236027276016434,12,0,80,49
mert_v0,ambient_balanced,0.25,isotonic,20,0.1618092490249198,0.006062327926594184,0.0036316368159613477,-0.014476812391691518,0.04814754287986056,7,0,13,0.007022091500542291,5,0,80,0
mert_v0,ambient_balanced,0.25,platt,20,0.15478715752437752,-0.0009597635739481067,-0.0043617413751110695,-0.013540948590860247,0.02687740657804677,11,0,9,0.0,0,0,80,2
mert_v0,ambient_balanced,0.25,prior_offset,20,0.14422227932580262,-0.011524641772523022,-0.011761343926056156,-0.017471608311576903,-0.005636493851903096,20,0,0,-0.010564878198574915,20,0,80,0
mert_v0,ambient_balanced,0.25,raw,20,0.1557469210983256,0.0,0.0,0.0,0.0,0,20,0,0.0009597635739481067,9,0,80,0
mert_v0,ambient_balanced,0.25,ridge_platt,20,0.14936816480053358,-0.006378756297792035,-0.008726006064718808,-0.015485044441516771,0.007155329147269018,14,1,5,-0.0054189927238439285,18,0,80,1
mert_v0,ambient_balanced,0.25,temperature,20,0.1594103746428051,0.0036634535444794976,0.0029039405683233266,-0.0030994776733631324,0.012203459499145614,4,0,16,0.004623217118427604,6,0,80,0
mert_v0,ambient_balanced,0.5,beta,20,0.1468716089324658,-0.008875312165859833,-0.0076757040065457,-0.018780002531573387,0.005210684087428752,19,0,1,-0.000437596694311574,12,0,80,43
mert_v0,ambient_balanced,0.5,isotonic,20,0.1521177918287981,-0.003629129269527563,-0.003579249937583212,-0.014778529157495085,0.01546799642010796,15,0,5,0.0048085862020206946,2,0,80,0
mert_v0,ambient_balanced,0.5,platt,20,0.14730920562677735,-0.008437715471548259,-0.007389972565460881,-0.01738570980777629,0.002769772506000412,19,0,1,0.0,0,0,80,1
mert_v0,ambient_balanced,0.5,prior_offset,20,0.14422227932580262,-0.011524641772523022,-0.011761343926056156,-0.017471608311576903,-0.005636493851903096,20,0,0,-0.0030869263009747636,15,0,80,0
mert_v0,ambient_balanced,0.5,raw,20,0.1557469210983256,0.0,0.0,0.0,0.0,0,20,0,0.008437715471548259,1,0,80,0
mert_v0,ambient_balanced,0.5,ridge_platt,20,0.14602043184087968,-0.009726489257445944,-0.01012501090181149,-0.017105174408726595,0.0,19,1,0,-0.0012887737858976872,13,0,80,0
mert_v0,ambient_balanced,0.5,temperature,20,0.15735435115036303,0.001607430052037405,0.0011165365228637675,-0.001977163328601289,0.008277173422749085,5,0,15,0.010045145523585663,1,0,80,0
mert_v0,ambient_balanced,1.0,beta,20,0.14365683028087461,-0.012090090817451004,-0.013200258036525164,-0.018781451110490788,-0.0001849527901218173,20,0,0,-0.0004006721339250022,11,0,80,31
mert_v0,ambient_balanced,1.0,isotonic,20,0.14697442314189704,-0.008772497956428609,-0.009749612293097148,-0.015071209528039253,0.0011971147342771937,19,0,1,0.0029169207270973926,3,0,80,0
mert_v0,ambient_balanced,1.0,platt,20,0.14405750241479964,-0.011689418683526001,-0.012363666048139085,-0.017028897592582193,-0.000578156363880894,20,0,0,0.0,0,0,80,0
mert_v0,ambient_balanced,1.0,prior_offset,20,0.14422227932580262,-0.011524641772523022,-0.011761343926056156,-0.017471608311576903,-0.005636493851903096,20,0,0,0.0001647769110029798,7,0,80,0
mert_v0,ambient_balanced,1.0,raw,20,0.1557469210983256,0.0,0.0,0.0,0.0,0,20,0,0.011689418683526001,0,0,80,0
mert_v0,ambient_balanced,1.0,ridge_platt,20,0.14393766416277926,-0.011809256935546391,-0.012317518079685563,-0.017460234323501564,-0.0020561527756052522,20,0,0,-0.00011983825202038987,8,0,80,0
mert_v0,ambient_balanced,1.0,temperature,20,0.1558614823188353,0.0001145612205096791,-0.0001575363069173802,-0.0019300533648187734,0.0022867224137557707,11,0,9,0.01180397990403568,0,0,80,0
mert_v0,unweighted,0.25,beta,20,0.15485276564376774,0.010858700757490847,0.008207657435382334,1.5806274300672607e-05,0.0381214029593428,0,0,20,-0.00010323234704823492,12,0,80,49
mert_v0,unweighted,0.25,isotonic,20,0.16172175339484157,0.017727688508564647,0.014084400060987101,-0.00034281705758007486,0.055833533100076854,1,0,19,0.0067657554040255665,5,0,80,0
mert_v0,unweighted,0.25,platt,20,0.154955997990816,0.010961933104539082,0.009126983931702456,0.0011230071668121844,0.03369341685454641,0,0,20,0.0,0,0,80,2
mert_v0,unweighted,0.25,prior_offset,20,0.1439940648862769,0.0,0.0,0.0,0.0,0,20,0,-0.010961933104539082,20,0,80,0
mert_v0,unweighted,0.25,raw,20,0.1439940648862769,0.0,0.0,0.0,0.0,0,20,0,-0.010961933104539082,20,0,80,0
mert_v0,unweighted,0.25,ridge_platt,20,0.14748580128813893,0.0034917364018620363,0.0020495589537822545,-0.0030045380310961545,0.01590837974452683,3,1,16,-0.007470196702677045,19,0,80,1
mert_v0,unweighted,0.25,temperature,20,0.14764804507527313,0.003653980188996235,0.0023842432080144887,-0.004140598769678816,0.012662566013666415,3,0,17,-0.007307952915542847,19,0,80,0
mert_v0,unweighted,0.5,beta,20,0.14707852920421408,0.0030844643179372072,0.0031339705751154967,-0.003944176562993215,0.012202075562161102,5,0,15,-0.0002691266352691887,12,0,80,43
mert_v0,unweighted,0.5,isotonic,20,0.15218594104429936,0.00819187615802247,0.007876346593905875,-0.0005381819414068123,0.02289807158909357,1,0,19,0.004838285204816075,1,0,80,0
mert_v0,unweighted,0.5,platt,20,0.14734765583948334,0.003353590953206396,0.002745051068543558,-0.002777780974648092,0.013071788484071062,5,0,15,0.0,0,0,80,1
mert_v0,unweighted,0.5,prior_offset,20,0.1439940648862769,0.0,0.0,0.0,0.0,0,20,0,-0.003353590953206396,15,0,80,0
mert_v0,unweighted,0.5,raw,20,0.1439940648862769,0.0,0.0,0.0,0.0,0,20,0,-0.003353590953206396,15,0,80,0
mert_v0,unweighted,0.5,ridge_platt,20,0.1443098981663927,0.0003158332801157904,0.0,-0.0026920642630497704,0.006373930114160403,8,3,9,-0.0030377576730906053,17,0,80,0
mert_v0,unweighted,0.5,temperature,20,0.1453858223548195,0.001391757468542628,0.001037306349862585,-0.0018155890384399659,0.006465597997858202,5,0,15,-0.001961833484663768,14,0,80,0
mert_v0,unweighted,1.0,beta,20,0.1438253642776537,-0.0001687006086232061,-0.00022849496296782623,-0.003977428617666409,0.006541052109677592,11,0,9,-0.0002720077546839249,10,0,80,34
mert_v0,unweighted,1.0,isotonic,20,0.1470842214047359,0.0030901565184589816,0.0023074985145030147,-0.0012155930489055333,0.009998231193635077,3,0,17,0.0029868493723982626,2,0,80,0
mert_v0,unweighted,1.0,platt,20,0.1440973720323376,0.00010330714606071878,-0.00038795837814929734,-0.002781330318634062,0.005920298905557675,11,0,9,0.0,0,0,80,0
mert_v0,unweighted,1.0,prior_offset,20,0.1439940648862769,0.0,0.0,0.0,0.0,0,20,0,-0.00010330714606071878,9,0,80,0
mert_v0,unweighted,1.0,raw,20,0.1439940648862769,0.0,0.0,0.0,0.0,0,20,0,-0.00010330714606071878,9,0,80,0
mert_v0,unweighted,1.0,ridge_platt,20,0.14374192161970073,-0.00025214326657616514,-0.0003473429159756569,-0.002604088358485898,0.004217453400473914,12,2,6,-0.0003554504126368839,9,0,80,0
mert_v0,unweighted,1.0,temperature,20,0.1440272803199671,3.321543369015495e-05,0.00011832736868465366,-0.0021096331022107395,0.0020491831493511248,9,0,11,-7.009171237056383e-05,7,0,80,0
mert_v1,ambient_balanced,0.25,beta,20,0.15582665220511174,-0.000431095739210928,-0.0011780530392025007,-0.01177214551917899,0.02268055873622124,10,0,10,0.00044593274583060866,5,0,80,54
mert_v1,ambient_balanced,0.25,isotonic,20,0.16338279915729667,0.007125051212973997,0.005506773613699348,-0.009469586453578066,0.04259476552688263,6,0,14,0.008002079698015533,1,0,80,0
mert_v1,ambient_balanced,0.25,platt,20,0.15538071945928114,-0.0008770284850415366,-0.002529055558193369,-0.009835823683771977,0.02012255990644457,11,0,9,0.0,0,0,80,2
mert_v1,ambient_balanced,0.25,prior_offset,20,0.1442036416347653,-0.012054106309557399,-0.011711959458884758,-0.01732837247033825,-0.006669489248083915,20,0,0,-0.011177077824515862,20,0,80,0
mert_v1,ambient_balanced,0.25,raw,20,0.15625774794432268,0.0,0.0,0.0,0.0,0,20,0,0.0008770284850415366,9,0,80,0
mert_v1,ambient_balanced,0.25,ridge_platt,20,0.1501072460593968,-0.006150501884925888,-0.007714624168007847,-0.01664713092555492,0.0063192062166630425,15,1,4,-0.005273473399884351,16,0,80,2
mert_v1,ambient_balanced,0.25,temperature,20,0.16048599329473792,0.004228245350415297,0.0032749510719495833,-0.0019282621317386062,0.015366591413570913,4,0,16,0.0051052738354568335,4,0,80,0
mert_v1,ambient_balanced,0.5,beta,20,0.14741384572313812,-0.008843902221184587,-0.009643944161342705,-0.019151997928991554,-0.0006443248860283357,20,0,0,-0.0004184634289057035,11,0,80,34
mert_v1,ambient_balanced,0.5,isotonic,20,0.15311830697251255,-0.003139440971810113,-0.0041705403541817815,-0.01721681602154504,0.008635782378063506,13,0,7,0.00528599782046877,3,0,80,0
mert_v1,ambient_balanced,0.5,platt,20,0.14783230915204376,-0.008425438792278883,-0.008532501857691666,-0.01789653202530833,0.00033530175447904487,19,0,1,0.0,0,0,80,0
mert_v1,ambient_balanced,0.5,prior_offset,20,0.1442036416347653,-0.012054106309557399,-0.011711959458884758,-0.01732837247033825,-0.006669489248083915,20,0,0,-0.0036286675172785164,17,0,80,0
mert_v1,ambient_balanced,0.5,raw,20,0.15625774794432268,0.0,0.0,0.0,0.0,0,20,0,0.008425438792278883,1,0,80,0
mert_v1,ambient_balanced,0.5,ridge_platt,20,0.14700052994358287,-0.009257218000739798,-0.009545408052162058,-0.01658408528490704,-0.0011429955345496345,20,0,0,-0.0008317792084609144,12,0,80,0
mert_v1,ambient_balanced,0.5,temperature,20,0.15833437719902382,0.0020766292547011317,0.002294399838711325,-0.0009347983292498918,0.00656817678407004,3,0,17,0.010502068046980015,0,0,80,0
mert_v1,ambient_balanced,1.0,beta,20,0.14387039193932807,-0.012387356004994583,-0.013156168763964415,-0.01858728467356091,-0.0035854294334824177,20,0,0,-0.00038297712479922407,13,0,80,27
mert_v1,ambient_balanced,1.0,isotonic,20,0.14709379855063273,-0.009163949393689941,-0.008479815576214828,-0.02151522239724621,-0.0010346763715507468,20,0,0,0.002840429486505419,2,0,80,0
mert_v1,ambient_balanced,1.0,platt,20,0.1442533690641273,-0.01200437888019536,-0.012914526402134863,-0.018045334249995715,-0.003960879696647407,20,0,0,0.0,0,0,80,0
mert_v1,ambient_balanced,1.0,prior_offset,20,0.1442036416347653,-0.012054106309557399,-0.011711959458884758,-0.01732837247033825,-0.006669489248083915,20,0,0,-4.972742936203978e-05,9,0,80,0
mert_v1,ambient_balanced,1.0,raw,20,0.15625774794432268,0.0,0.0,0.0,0.0,0,20,0,0.01200437888019536,0,0,80,0
mert_v1,ambient_balanced,1.0,ridge_platt,20,0.14396079873300965,-0.012296949211312984,-0.012594169158850532,-0.018166006351452962,-0.006438849323336521,20,0,0,-0.0002925703311176239,11,0,80,0
mert_v1,ambient_balanced,1.0,temperature,20,0.15652087668233214,0.00026312873800947575,0.0001230667524932949,-0.00135680296726165,0.0025752326517342328,10,0,10,0.012267507618204835,0,0,80,0
mert_v1,unweighted,0.25,beta,20,0.1562360946912461,0.01221707203718541,0.012089033205397115,0.001925865134995014,0.03222628917673345,0,0,20,0.000671142916150777,4,0,80,54
mert_v1,unweighted,0.25,isotonic,20,0.16357907958495502,0.019560056930894305,0.017583418795351483,0.005310072005450001,0.05142601888848353,0,0,20,0.008014127809859668,2,0,80,0
mert_v1,unweighted,0.25,platt,20,0.15556495177509533,0.011545929121034634,0.011267494985305104,0.0013749924899288946,0.02950742208160287,0,0,20,0.0,0,0,80,2
mert_v1,unweighted,0.25,prior_offset,20,0.1440190226540607,0.0,0.0,0.0,0.0,0,20,0,-0.011545929121034634,20,0,80,0
mert_v1,unweighted,0.25,raw,20,0.1440190226540607,0.0,0.0,0.0,0.0,0,20,0,-0.011545929121034634,20,0,80,0
mert_v1,unweighted,0.25,ridge_platt,20,0.14775012108087957,0.0037310984268188684,0.0032096990898468625,-0.0027273026750133655,0.015712306041909097,2,2,16,-0.007814830694215765,19,0,80,2
mert_v1,unweighted,0.25,temperature,20,0.14802861962662212,0.004009596972561371,0.002894563233182365,-0.0017264957336548536,0.015341223657384356,3,0,17,-0.007536332148473263,19,0,80,0
mert_v1,unweighted,0.5,beta,20,0.14758346443652484,0.0035644417824641215,0.0028745970966835843,-0.002285928688808281,0.011047260817933058,2,0,18,-0.00034034078624033267,11,0,80,37
mert_v1,unweighted,0.5,isotonic,20,0.1530499084241866,0.009030885770125879,0.006856841280723128,-0.0004041515107698346,0.020950556415152255,1,0,19,0.005126103201421424,3,0,80,0
mert_v1,unweighted,0.5,platt,20,0.14792380522276513,0.003904782568704454,0.0034680316870506073,-0.0023544029066485117,0.012701594493218005,3,0,17,0.0,0,0,80,0
mert_v1,unweighted,0.5,prior_offset,20,0.1440190226540607,0.0,0.0,0.0,0.0,0,20,0,-0.003904782568704454,17,0,80,0
mert_v1,unweighted,0.5,raw,20,0.1440190226540607,0.0,0.0,0.0,0.0,0,20,0,-0.003904782568704454,17,0,80,0
mert_v1,unweighted,0.5,ridge_platt,20,0.14496397438804043,0.0009449517339796987,5.672645391020803e-05,-0.0019100065185592152,0.00825111634867648,8,2,10,-0.0029598308347247556,16,0,80,0
mert_v1,unweighted,0.5,temperature,20,0.14590000950141097,0.0018809868473502564,0.0012221573539664826,-0.0008743970219519948,0.005643906023353851,3,0,17,-0.002023795721354198,16,0,80,0
mert_v1,unweighted,1.0,beta,20,0.14403397814413066,1.4955490069953892e-05,-0.0001167706450924122,-0.0038739366704979294,0.005253124221863498,10,0,10,-0.0002584610638023982,12,0,80,33
mert_v1,unweighted,1.0,isotonic,20,0.14696439564948516,0.0029453729954244446,0.003250849239207515,-0.004421653017487592,0.0066596131386482404,2,0,18,0.0026719564415520923,2,0,80,0
mert_v1,unweighted,1.0,platt,20,0.14429243920793305,0.0002734165538723521,-7.76548776744157e-05,-0.00326530933159605,0.004732539805085811,11,0,9,0.0,0,0,80,0
mert_v1,unweighted,1.0,prior_offset,20,0.1440190226540607,0.0,0.0,0.0,0.0,0,20,0,-0.0002734165538723521,9,0,80,0
mert_v1,unweighted,1.0,raw,20,0.1440190226540607,0.0,0.0,0.0,0.0,0,20,0,-0.0002734165538723521,9,0,80,0
mert_v1,unweighted,1.0,ridge_platt,20,0.143749353048155,-0.00026966960590570495,-0.00014649141070484373,-0.0036474476733307504,0.002668898438869971,11,1,8,-0.000543086159778057,13,0,80,0
mert_v1,unweighted,1.0,temperature,20,0.14425144278222748,0.00023242012816673263,3.722403212039205e-05,-0.0013662461123576386,0.00259246911015229,10,0,10,-4.0996425705619456e-05,8,0,80,0
