representation,weighting,fraction,method,outer_splits,draws_per_split,evaluated_distinct_cases,mean_brier,mean_log_loss,fallback_labels,mean_delta_raw,median_split_mean_delta_raw,min_split_mean_delta_raw,max_split_mean_delta_raw,mean_within_split_range_raw,max_within_split_range_raw,sign_flip_splits_raw,all_draws_improve_splits_raw,all_draws_deteriorate_splits_raw,mean_delta_platt,median_split_mean_delta_platt,min_split_mean_delta_platt,max_split_mean_delta_platt,mean_within_split_range_platt,max_within_split_range_platt,sign_flip_splits_platt,all_draws_improve_splits_platt,all_draws_deteriorate_splits_platt
maest,ambient_balanced,0.25,beta,20,5,100,0.14208113630231356,0.4849525930426323,0,0.0016374009291924246,0.0017240550373306713,-0.006083389431509956,0.007065753960821408,0.012660398741103137,0.031339508068947586,14,2,4,0.0008154484448519485,0.0006904229453520872,-0.0014092872255455635,0.003081588302720778,0.004227668825902831,0.008331286892663436,15,0,5
maest,ambient_balanced,0.25,isotonic,20,5,100,0.1485504441902767,1.426455250642292,0,0.00810670881715559,0.008650705741899833,0.0010253676516641442,0.014541289299472654,0.014062262242612996,0.029773523208903446,7,0,13,0.007284756332815114,0.00683819968004834,0.003411489608288812,0.012113990425330562,0.009575368290000016,0.016539191810587064,4,0,16
maest,ambient_balanced,0.25,platt,20,5,100,0.1412656878574616,0.46532679733532206,0,0.0008219524843404762,0.0015131586686259356,-0.005540899552712758,0.0048561433002142496,0.012311969422667185,0.03340093802836713,17,2,1,0.0,0.0,0.0,0.0,0.0,0.0,0,0,0
maest,ambient_balanced,0.25,prior_offset,20,5,100,0.13274854583422824,0.4189969366445124,0,-0.007695189538892891,-0.006557130768354222,-0.013628465672387596,-0.002852083362119895,0.0,0.0,0,20,0,-0.008517142023233368,-0.008066841608653428,-0.013647717476996099,-0.003690776384275818,0.012311969422667185,0.03340093802836713,1,19,0
maest,ambient_balanced,0.25,raw,20,5,100,0.14044373537312116,0.43729230635398675,0,0.0,0.0,0.0,0.0,0.0,0.0,0,0,0,-0.0008219524843404762,-0.0015131586686259356,-0.0048561433002142496,0.005540899552712758,0.012311969422667185,0.03340093802836713,17,1,2
maest,ambient_balanced,0.25,ridge_platt,20,5,100,0.1379854268832878,0.4448493239566855,0,-0.002458308489833345,-0.0010766835768385719,-0.011348883342582893,0.0016398972367050347,0.010932698053922305,0.029424146359290734,15,5,0,-0.0032802609741738207,-0.0029755608869772134,-0.005901131942361229,-0.0010123343116148153,0.010547353904643317,0.026031909734171743,17,3,0
maest,ambient_balanced,0.25,temperature,20,5,100,0.1441340534629469,0.45846052625078526,0,0.00369031808982575,0.003558933554151547,0.001479705746791299,0.007630297315412565,0.007926554424497533,0.025984365699820752,3,0,17,0.0028683656054852734,0.0017806715307082514,-0.0019871564341219727,0.009257205583529585,0.011043578731240549,0.02405711702139582,15,1,4
maest,ambient_balanced,0.5,beta,20,5,100,0.13680475350711657,0.4357426083953526,0,-0.0036389818660045314,-0.004172336472977831,-0.00875113903462613,0.0023156940286448656,0.006117273923431628,0.010204781137537478,9,11,0,0.0005955657094181097,0.0004561216777919069,-0.0010981167480579369,0.0038762539118913754,0.002383929776219159,0.004494390718899538,14,1,5
maest,ambient_balanced,0.5,isotonic,20,5,100,0.14147499559373428,0.9320600933355424,0,0.001031260220613167,0.0009891840411785898,-0.004711971140309723,0.007085248623181567,0.007613285016284749,0.015724514298135706,14,1,5,0.005265807796035808,0.0052364817318787844,-0.0010759492420031797,0.009820914749251803,0.005984005271572527,0.01017510180504616,4,0,16
maest,ambient_balanced,0.5,platt,20,5,100,0.1362091877976985,0.4306202911828939,0,-0.004234547575422641,-0.0044118743096261785,-0.009460129552247587,0.0017178127782736697,0.006065915310106144,0.012216083031891672,9,11,0,0.0,0.0,0.0,0.0,0.0,0.0,0,0,0
maest,ambient_balanced,0.5,prior_offset,20,5,100,0.13274854583422824,0.4189969366445124,0,-0.007695189538892891,-0.006557130768354222,-0.013628465672387596,-0.002852083362119895,0.0,0.0,0,20,0,-0.0034606419634702506,-0.0038040560590706374,-0.008213746718806342,-0.0004959303609358923,0.006065915310106144,0.012216083031891672,8,12,0
maest,ambient_balanced,0.5,raw,20,5,100,0.14044373537312116,0.43729230635398675,0,0.0,0.0,0.0,0.0,0.0,0.0,0,0,0,0.004234547575422641,0.0044118743096261785,-0.0017178127782736697,0.009460129552247587,0.006065915310106144,0.012216083031891672,9,0,11
maest,ambient_balanced,0.5,ridge_platt,20,5,100,0.1343347280082226,0.4228347694525742,0,-0.006109007364898554,-0.005613170559661099,-0.010654083285587878,-0.0009153867468966459,0.00498909996962793,0.007661941976773001,2,18,0,-0.0018744597894759115,-0.001998259796580329,-0.006161060609732025,0.0015590880367908789,0.00621076116795617,0.011605596284244193,12,8,0
maest,ambient_balanced,0.5,temperature,20,5,100,0.14221972811968792,0.4452383272779349,0,0.0017759927465667957,0.001733797613010124,-5.2726181489920473e-05,0.0036682021022360622,0.003465347454283556,0.00999411484603313,7,0,13,0.006010540321989437,0.005847594512163062,0.000968632477778103,0.011118409201110768,0.005160040282280081,0.008106205231119129,3,0,17
maest,ambient_balanced,1.0,beta,20,1,20,0.13386325906041616,0.42338718135507014,0,-0.00658047631270499,-0.006916599770845966,-0.01250267927719273,-0.0003834715772755293,0.0,0.0,0,20,0,0.00036086385218973144,0.00037924864389431157,-0.0014963677296275513,0.003271051120889934,0.0,0.0,0,9,11
maest,ambient_balanced,1.0,isotonic,20,1,20,0.1373469993531478,0.7053500644686816,0,-0.0030967360199733373,-0.003151428991588587,-0.010135158569423389,0.005643683292422125,0.0,0.0,0,17,3,0.0038446041449213832,0.004121815846104167,-0.002711028187607392,0.008282096652761944,0.0,0.0,0,1,19
maest,ambient_balanced,1.0,platt,20,1,20,0.13350239520822643,0.42083120428174814,0,-0.00694134016489472,-0.007255389822425261,-0.013454313520399636,-0.001594105485937608,0.0,0.0,0,20,0,0.0,0.0,0.0,0.0,0.0,0.0,0,0,0
maest,ambient_balanced,1.0,prior_offset,20,1,20,0.13274854583422824,0.4189969366445124,0,-0.007695189538892891,-0.006557130768354222,-0.013628465672387596,-0.002852083362119895,0.0,0.0,0,20,0,-0.0007538493739981708,-0.0009100645366556664,-0.004425638235296889,0.0029421756146797984,0.0,0.0,0,13,7
maest,ambient_balanced,1.0,raw,20,1,20,0.14044373537312116,0.43729230635398675,0,0.0,0.0,0.0,0.0,0.0,0.0,0,0,0,0.00694134016489472,0.007255389822425261,0.001594105485937608,0.013454313520399636,0.0,0.0,0,0,20
maest,ambient_balanced,1.0,ridge_platt,20,1,20,0.13259453822869954,0.41774848757861943,0,-0.007849197144421612,-0.007379701721639077,-0.013808744081847513,-0.002666045070056161,0.0,0.0,0,20,0,-0.0009078569795268928,-0.0006824107344606672,-0.002810672142969539,0.001536376630152797,0.0,0.0,0,17,3
maest,ambient_balanced,1.0,temperature,20,1,20,0.141208708992744,0.44016168905492864,0,0.0007649736196228392,0.0006846979331162212,-0.001154557915130805,0.0027533100371052027,0.0,0.0,0,2,18,0.00770631378451756,0.007638650148465667,0.0020345352124904736,0.013488345788834843,0.0,0.0,0,0,20
maest,unweighted,0.25,beta,20,5,100,0.14198226583547952,0.47421929018236,0,0.009822330000817048,0.009037726532503704,0.005470909569249999,0.014764646850420015,0.012625835588247264,0.03156576022250701,1,0,19,0.0008489203532466543,0.000715987179045166,-0.0011919451051769475,0.003033234163226972,0.004166746854157393,0.007329555147478961,14,0,6
maest,unweighted,0.25,isotonic,20,5,100,0.14830249829002126,1.4240070283005077,0,0.016142562455358816,0.015584165934042337,0.011582843451111912,0.02583144226282132,0.013382731024650573,0.030630933567442897,0,0,20,0.007169152807788418,0.006945213788866869,0.0034848586600674442,0.012022082300910637,0.00959869873245921,0.0165004915783733,4,0,16
maest,unweighted,0.25,platt,20,5,100,0.14113334548223283,0.46050842161788197,0,0.008973409647570397,0.008236254078771538,0.004663627016284744,0.0138347016575649,0.012225911995539861,0.03323820361387941,3,0,17,0.0,0.0,0.0,0.0,0.0,0.0,0,0,0
maest,unweighted,0.25,prior_offset,20,5,100,0.13215993583466243,0.41623273034003755,0,0.0,0.0,0.0,0.0,0.0,0.0,0,0,0,-0.008973409647570397,-0.008236254078771538,-0.0138347016575649,-0.004663627016284744,0.012225911995539861,0.03323820361387941,3,17,0
maest,unweighted,0.25,raw,20,5,100,0.13215993583466243,0.41623273034003755,0,0.0,0.0,0.0,0.0,0.0,0.0,0,0,0,-0.008973409647570397,-0.008236254078771538,-0.0138347016575649,-0.004663627016284744,0.012225911995539861,0.03323820361387941,3,17,0
maest,unweighted,0.25,ridge_platt,20,5,100,0.13534629836746556,0.4306031229159612,0,0.0031863625328031678,0.0028279341114623626,0.0002780047944623665,0.00807488080515147,0.008818185746040952,0.024831722798643957,7,0,5,-0.005787047114767229,-0.005700602666497097,-0.008488733305835727,-0.003374675536140609,0.008833690184072745,0.023400775736856838,2,18,0
maest,unweighted,0.25,temperature,20,5,100,0.13580401239965756,0.4385496600600395,0,0.003644076564995106,0.003394700586721271,0.001551446594120215,0.0065506669315258,0.008112678438968162,0.025333750942916525,5,0,15,-0.005329333082575291,-0.0052645027252463585,-0.008237903489431686,-0.0024853014642899074,0.00965365959236926,0.019190453092872428,7,13,0
maest,unweighted,0.5,beta,20,5,100,0.13668523202548932,0.4350425354652122,0,0.004525296190826913,0.004656964956962603,0.0014848210368974158,0.00737824734687974,0.0059410282655906355,0.010713848910893248,4,0,16,0.0006003104099844731,0.0003593073014103998,-0.0010024988500971221,0.003883484037076257,0.0023542920546128403,0.004610718754115339,15,1,4
maest,unweighted,0.5,isotonic,20,5,100,0.14110197450870185,0.9246721993070052,0,0.00894203867403941,0.008509567661273944,0.005802995802121053,0.012417285426053748,0.007490555470707127,0.014467679912798487,0,0,20,0.005017052893196968,0.004951834828377877,-0.0008119096971263451,0.010140874158829699,0.005778954764385389,0.011799310567767923,4,0,16
maest,unweighted,0.5,platt,20,5,100,0.13608492161550487,0.43022732621348886,0,0.00392498578084244,0.004210908706583371,0.0012494885982464732,0.008024120909397317,0.0059985484497256086,0.011976193766046722,4,0,16,0.0,0.0,0.0,0.0,0.0,0.0,0,0,0
maest,unweighted,0.5,prior_offset,20,5,100,0.13215993583466243,0.41623273034003755,0,0.0,0.0,0.0,0.0,0.0,0.0,0,0,0,-0.00392498578084244,-0.004210908706583371,-0.008024120909397317,-0.0012494885982464732,0.0059985484497256086,0.011976193766046722,4,16,0
maest,unweighted,0.5,raw,20,5,100,0.13215993583466243,0.41623273034003755,0,0.0,0.0,0.0,0.0,0.0,0.0,0,0,0,-0.00392498578084244,-0.004210908706583371,-0.008024120909397317,-0.0012494885982464732,0.0059985484497256086,0.011976193766046722,4,16,0
maest,unweighted,0.5,ridge_platt,20,5,100,0.13322053768883163,0.4198520944256125,0,0.0010606018541692215,0.0006736753186912386,-0.00034314051119382905,0.003849320695512792,0.0036540957631018244,0.007804946330116025,13,1,3,-0.0028643839266732185,-0.002740670393507722,-0.006066253677619699,-0.0009282223415652046,0.00482659843506743,0.011705909994423724,3,17,0
maest,unweighted,0.5,temperature,20,5,100,0.13383440153215448,0.42429350000734506,0,0.0016744656974920637,0.0014907567165904634,0.00037358359509067073,0.0035144884061313166,0.0035401269789124097,0.00991406994607999,7,0,13,-0.0022505200833503767,-0.0020699276207363252,-0.005393680841087189,-0.000152197439337165,0.004537533843680541,0.007874621163220241,9,11,0
maest,unweighted,1.0,beta,20,1,20,0.13374701838333514,0.42276576195803645,0,0.0015870825486726781,0.0018265954509572163,-0.0017384770609424338,0.004624417825562027,0.0,0.0,0,4,16,0.0003516106733706385,0.00039838404461044197,-0.0010169922725783986,0.0032649226689630273,0.0,0.0,0,9,11
maest,unweighted,1.0,isotonic,20,1,20,0.1371190592244352,0.7030111197594889,0,0.004959123389772771,0.004528330021898591,0.0016550723444278548,0.009930724798162871,0.0,0.0,0,0,20,0.0037236515144707313,0.003743917079593706,-0.0021319984428149613,0.008572708984590671,0.0,0.0,0,1,19
maest,unweighted,1.0,platt,20,1,20,0.13339540770996447,0.42049395544777546,0,0.0012354718753020398,0.0011524364379775498,-0.002175301189057788,0.00419258038300345,0.0,0.0,0,4,16,0.0,0.0,0.0,0.0,0.0,0.0,0,0,0
maest,unweighted,1.0,prior_offset,20,1,20,0.13215993583466243,0.41623273034003755,0,0.0,0.0,0.0,0.0,0.0,0.0,0,0,0,-0.0012354718753020398,-0.0011524364379775498,-0.00419258038300345,0.002175301189057788,0.0,0.0,0,16,4
maest,unweighted,1.0,raw,20,1,20,0.13215993583466243,0.41623273034003755,0,0.0,0.0,0.0,0.0,0.0,0.0,0,0,0,-0.0012354718753020398,-0.0011524364379775498,-0.00419258038300345,0.002175301189057788,0.0,0.0,0,16,4
maest,unweighted,1.0,ridge_platt,20,1,20,0.1325104774972506,0.4172653865321826,0,0.00035054166258814966,3.8005932393864184e-05,-0.0021446106582682645,0.0023916598003037026,0.0,0.0,0,4,11,-0.00088493021271389,-0.0007637046701447214,-0.0034221773245146636,0.001587039405524071,0.0,0.0,0,16,4
maest,unweighted,1.0,temperature,20,1,20,0.1328069462168708,0.41896647133604475,0,0.0006470103822083823,0.00042150676407244625,-0.0013054664783928582,0.0029112117668555204,0.0,0.0,0,2,18,-0.0005884614930936575,-0.0005999465287689076,-0.0033348830817672703,0.0020925026383526446,0.0,0.0,0,12,8
mert_v0,ambient_balanced,0.25,beta,20,5,100,0.15202199072752223,0.4905837431384727,0,-0.0037249303708034092,-0.0031111648891843286,-0.011860072086543943,0.005054111107221165,0.014033609593985103,0.025796962919021227,14,6,0,-6.459241554458594e-05,-0.00020382962898077284,-0.0015023706090909362,0.0017274560613236122,0.003508070483699992,0.00605936684192071,17,1,2
mert_v0,ambient_balanced,0.25,isotonic,20,5,100,0.15833811357899222,1.3536642333757734,0,0.002591192480666588,0.0027093902036946726,-0.005108816579627795,0.014832871748890402,0.015982525703230836,0.028078052873782844,15,2,3,0.006251530435925409,0.006215420942069061,0.0010324667875856674,0.010253339532666295,0.009868535264238368,0.019543198060581246,6,0,14
mert_v0,ambient_balanced,0.25,platt,20,5,100,0.1520865831430668,0.48685116092258107,0,-0.003660337955258823,-0.003190574618790162,-0.012443785690380732,0.004579532216224108,0.014399654968163339,0.02444482587932728,16,4,0,0.0,0.0,0.0,0.0,0.0,0.0,0,0,0
mert_v0,ambient_balanced,0.25,prior_offset,20,5,100,0.14422227932580262,0.45088023781110237,0,-0.011524641772523022,-0.011761343926056156,-0.017471608311576903,-0.005636493851903096,0.0,0.0,0,20,0,-0.007864303817264197,-0.008105233038266595,-0.013557000609569363,-0.001595047478532985,0.014399654968163339,0.02444482587932728,9,11,0
mert_v0,ambient_balanced,0.25,raw,20,5,100,0.1557469210983256,0.4793712334086953,0,0.0,0.0,0.0,0.0,0.0,0.0,0,0,0,0.003660337955258823,0.003190574618790162,-0.004579532216224108,0.012443785690380732,0.014399654968163339,0.02444482587932728,16,0,4
mert_v0,ambient_balanced,0.25,ridge_platt,20,5,100,0.14976602775118597,0.4720452523437427,0,-0.005980893347139682,-0.005682816491916551,-0.011997093315657893,0.0003091760239602448,0.011880100413368924,0.03370368447012352,10,10,0,-0.002320555391880859,-0.0026438102475084186,-0.005962362423278178,0.0020840929735811975,0.011116890902990773,0.019180436373850612,16,4,0
mert_v0,ambient_balanced,0.25,temperature,20,5,100,0.15927001457176013,0.4973909283552446,0,0.0035230934734345096,0.003178726580243535,0.00012046397663745823,0.00655334419514666,0.007893668791392802,0.025812238517820357,6,0,14,0.007183431428693333,0.006615262408437364,-0.0027673156929442387,0.013921073814732603,0.01139173735015581,0.02087813978087627,10,0,10
mert_v0,ambient_balanced,0.5,beta,20,5,100,0.14639222665686397,0.46105845644668425,0,-0.009354694441461663,-0.009864361053306145,-0.015349820586107543,-0.0002090175835157082,0.005725119630276886,0.01065340444247384,2,18,0,-0.00024488136807665863,4.683716198783383e-05,-0.003121082293983335,0.001634895216366189,0.0019935663191392506,0.0037827531189350005,13,4,3
mert_v0,ambient_balanced,0.5,isotonic,20,5,100,0.15079141253006678,0.8800469644896725,0,-0.004955508568258846,-0.00512287343351972,-0.012608370690190529,0.0059235994455294596,0.006703125149605804,0.014382760195014999,3,15,2,0.004154304505126157,0.004163889299476434,-0.0017073863635161724,0.008874764024444776,0.006070103755286977,0.009216147702439365,6,0,14
mert_v0,ambient_balanced,0.5,platt,20,5,100,0.14663710802494062,0.46074100511059746,0,-0.009109813073385003,-0.009101203396579084,-0.01549779864137824,-0.0013323722321743725,0.0061544831703433545,0.010285121157505211,2,18,0,0.0,0.0,0.0,0.0,0.0,0.0,0,0,0
mert_v0,ambient_balanced,0.5,prior_offset,20,5,100,0.14422227932580262,0.45088023781110237,0,-0.011524641772523022,-0.011761343926056156,-0.017471608311576903,-0.005636493851903096,0.0,0.0,0,20,0,-0.0024148286991380183,-0.0023633964670217,-0.007052626327362,0.001689799670145342,0.0061544831703433545,0.010285121157505211,12,8,0
mert_v0,ambient_balanced,0.5,raw,20,5,100,0.1557469210983256,0.4793712334086953,0,0.0,0.0,0.0,0.0,0.0,0.0,0,0,0,0.009109813073385003,0.009101203396579084,0.0013323722321743725,0.01549779864137824,0.0061544831703433545,0.010285121157505211,2,0,18
mert_v0,ambient_balanced,0.5,ridge_platt,20,5,100,0.14571170745147166,0.4560459279561068,0,-0.010035213646853985,-0.00978975132881377,-0.015274403652479434,-0.004710078250963906,0.005274011720719989,0.008761250238517343,1,19,0,-0.0009254005734689831,-0.0009416408090094947,-0.004373419325805078,0.002851671678700307,0.005400606486168183,0.011557506720503125,15,5,0
mert_v0,ambient_balanced,0.5,temperature,20,5,100,0.1569342100448316,0.48482094525364694,0,0.0011872889465059672,0.0009717342188336836,-0.001159086599206094,0.003949359977740097,0.003344012056263561,0.01041365268704117,12,0,8,0.01029710201989097,0.010864232061508008,0.0022482583562535687,0.016229815874946863,0.005120689556272472,0.010575806051939057,1,0,19
mert_v0,ambient_balanced,1.0,beta,20,1,20,0.1436521007146209,0.4509115750590745,0,-0.012094820383704737,-0.013200257887086952,-0.018781451199369595,-0.00018495239265026164,0.0,0.0,0,20,0,-0.000405401789221678,-0.00017446210959971842,-0.004674958851332317,0.0011159286480909025,0.0,0.0,0,11,9
mert_v0,ambient_balanced,1.0,isotonic,20,1,20,0.14697442314189704,0.6963782007397746,0,-0.008772497956428609,-0.009749612293097148,-0.015071209528039253,0.0011971147342771937,0.0,0.0,0,19,1,0.002916920638054452,0.0035290998522001377,-0.00129889752586132,0.006419222563012111,0.0,0.0,0,3,17
mert_v0,ambient_balanced,1.0,platt,20,1,20,0.14405750250384258,0.45172825273147466,0,-0.01168941859448306,-0.012363665984553185,-0.017028897866327386,-0.0005781565810223932,0.0,0.0,0,20,0,0.0,0.0,0.0,0.0,0.0,0.0,0,0,0
mert_v0,ambient_balanced,1.0,prior_offset,20,1,20,0.14422227932580262,0.45088023781110237,0,-0.011524641772523022,-0.011761343926056156,-0.017471608311576903,-0.005636493851903096,0.0,0.0,0,20,0,0.00016477682196003942,0.000638239544740557,-0.005102877918734844,0.0032351040633142036,0.0,0.0,0,7,13
mert_v0,ambient_balanced,1.0,raw,20,1,20,0.1557469210983256,0.4793712334086953,0,0.0,0.0,0.0,0.0,0.0,0.0,0,0,0,0.01168941859448306,0.012363665984553185,0.0005781565810223932,0.017028897866327386,0.0,0.0,0,0,20
mert_v0,ambient_balanced,1.0,ridge_platt,20,1,20,0.1439376642108812,0.4508957361446651,0,-0.011809256887444431,-0.012317518050381948,-0.017460234287272752,-0.0020561529624434915,0.0,0.0,0,20,0,-0.00011983829296136964,0.00015775887022552448,-0.0030937276003008274,0.00122096880662656,0.0,0.0,0,8,12
mert_v0,ambient_balanced,1.0,temperature,20,1,20,0.15586148232157995,0.48018445113114117,0,0.00011456122325430445,-0.00015753634378092018,-0.001930053283394989,0.002286722419005044,0.0,0.0,0,11,9,0.011803979817737365,0.011937767893422865,0.0008785340923105345,0.01748060674519683,0.0,0.0,0,0,20
mert_v0,unweighted,0.25,beta,20,5,100,0.15234661573223746,0.49151718589902255,0,0.008352550845960578,0.008778574801133487,0.0025406516739151287,0.01390838134098613,0.014242484363795476,0.0258429197735473,5,0,15,0.0001959414971636153,0.00021054139327259525,-0.000940756584532132,0.0018219912489192136,0.0035343862941884297,0.00571075760476028,17,1,2
mert_v0,unweighted,0.25,isotonic,20,5,100,0.15847119557966519,1.3519077514793911,0,0.014477130693388287,0.014565940144912845,0.008665896100098703,0.02173403354763085,0.015268872030171392,0.02637382344315789,2,0,18,0.006320521344591323,0.006642191076162282,0.001349411634030806,0.010861270558627845,0.009503455948074817,0.017372112559083608,3,0,17
mert_v0,unweighted,0.25,platt,20,5,100,0.15215067423507386,0.4873276043321952,0,0.008156609348796962,0.008435827480267624,0.001521296312123921,0.013591263666036251,0.014456910524096145,0.024363990571243194,9,0,11,0.0,0.0,0.0,0.0,0.0,0.0,0,0,0
mert_v0,unweighted,0.25,prior_offset,20,5,100,0.1439940648862769,0.45038848737593307,0,0.0,0.0,0.0,0.0,0.0,0.0,0,0,0,-0.008156609348796962,-0.008435827480267624,-0.013591263666036251,-0.001521296312123921,0.014456910524096145,0.024363990571243194,9,11,0
mert_v0,unweighted,0.25,raw,20,5,100,0.1439940648862769,0.45038848737593307,0,0.0,0.0,0.0,0.0,0.0,0.0,0,0,0,-0.008156609348796962,-0.008435827480267624,-0.013591263666036251,-0.001521296312123921,0.014456910524096145,0.024363990571243194,9,11,0
mert_v0,unweighted,0.25,ridge_platt,20,5,100,0.1471458798780674,0.46540356495936763,0,0.0031518149917904846,0.002929135083775308,0.00042434861954666057,0.007439002701329795,0.009604968209500603,0.02645830167929375,13,0,1,-0.005004794357006478,-0.0044070701525270005,-0.009320311939402682,-0.001038634174919062,0.009383929965869032,0.018491298077669083,7,13,0
mert_v0,unweighted,0.25,temperature,20,5,100,0.14766140950739043,0.46984628554235225,0,0.0036673446211135468,0.0033787398061846056,0.0005528352878572618,0.006742096450978341,0.008838814279579919,0.025231718645606832,8,0,12,-0.004489264727683417,-0.004678196595496172,-0.009769129990447534,-0.0009684610242666591,0.011244643498515507,0.019588722062724495,14,6,0
mert_v0,unweighted,0.5,beta,20,5,100,0.14662554257449076,0.4617778095038916,0,0.0026314776882138445,0.0023727679617383314,-0.0016160928707104228,0.007355846566561602,0.005758111232858546,0.010691265109836479,13,0,7,-8.05204762822714e-05,0.00018707919732303122,-0.0024704812875424474,0.0018493097717068863,0.002136777181504998,0.0049302676398863265,13,4,3
mert_v0,unweighted,0.5,isotonic,20,5,100,0.15110046555816925,0.8837912387065602,0,0.007106400671892348,0.006849906686306179,0.0031033479737861912,0.015254379490830338,0.006586287057510565,0.014942466055806625,2,0,18,0.004394402507396231,0.004537263400800068,-0.001746628140292028,0.009101379591096543,0.005770964256200625,0.009891327802458133,5,0,15
mert_v0,unweighted,0.5,platt,20,5,100,0.14670606305077302,0.46114871924484524,0,0.0027119981644961157,0.0026323501722930855,-0.0012580171900765714,0.007153159335959775,0.006168145675240816,0.010293230847971124,12,0,8,0.0,0.0,0.0,0.0,0.0,0.0,0,0,0
mert_v0,unweighted,0.5,prior_offset,20,5,100,0.1439940648862769,0.45038848737593307,0,0.0,0.0,0.0,0.0,0.0,0.0,0,0,0,-0.0027119981644961157,-0.0026323501722930855,-0.007153159335959775,0.0012580171900765714,0.006168145675240816,0.010293230847971124,12,8,0
mert_v0,unweighted,0.5,raw,20,5,100,0.1439940648862769,0.45038848737593307,0,0.0,0.0,0.0,0.0,0.0,0.0,0,0,0,-0.0027119981644961157,-0.0026323501722930855,-0.007153159335959775,0.0012580171900765714,0.006168145675240816,0.010293230847971124,12,8,0
mert_v0,unweighted,0.5,ridge_platt,20,5,100,0.14457233617952614,0.4532973070750357,0,0.0005782712932492345,0.0003691933717645035,-0.0017767125089428125,0.002072081842467849,0.003802194359591481,0.007522595372738111,18,0,1,-0.0021337268712468818,-0.0021703145429837977,-0.005671298657860135,0.0006108969866977676,0.0042669285404088085,0.0068734950899876635,12,8,0
mert_v0,unweighted,0.5,temperature,20,5,100,0.14507939833961167,0.45585755744082246,0,0.00108533345333478,0.0008673008049859792,-0.0007577416383061752,0.0031203989579933144,0.0034574592324598434,0.009547284197437028,12,1,7,-0.0016266647111613359,-0.0013431282368962572,-0.00624053413777233,0.001343188464104289,0.004733673677678833,0.01061473806362509,12,7,1
mert_v0,unweighted,1.0,beta,20,1,20,0.14382536497040574,0.4514851948169061,0,-0.00016869991587113443,-0.00022849428017882034,-0.003977428506895003,0.006541052475867559,0.0,0.0,0,11,9,-0.00027200708862450823,-2.179387128424526e-05,-0.004048791612179858,0.0011405911336325736,0.0,0.0,0,10,10
mert_v0,unweighted,1.0,isotonic,20,1,20,0.1470842214047359,0.6906140843596587,0,0.0030901565184589816,0.0023074985145030147,-0.0012155930489055333,0.009998231193635077,0.0,0.0,0,3,17,0.0029868493457056076,0.003148666514542958,-0.0010484991321832171,0.006210705416942325,0.0,0.0,0,2,18
mert_v0,unweighted,1.0,platt,20,1,20,0.14409737205903028,0.4520616138033975,0,0.00010330717275337381,-0.00038795849319160636,-0.0027813303858183203,0.005920298495345366,0.0,0.0,0,11,9,0.0,0.0,0.0,0.0,0.0,0.0,0,0,0
mert_v0,unweighted,1.0,prior_offset,20,1,20,0.1439940648862769,0.45038848737593307,0,0.0,0.0,0.0,0.0,0.0,0.0,0,0,0,-0.00010330717275337381,0.00038795849319160636,-0.005920298495345366,0.0027813303858183203,0.0,0.0,0,9,11
mert_v0,unweighted,1.0,raw,20,1,20,0.1439940648862769,0.45038848737593307,0,0.0,0.0,0.0,0.0,0.0,0.0,0,0,0,-0.00010330717275337381,0.00038795849319160636,-0.005920298495345366,0.0027813303858183203,0.0,0.0,0,9,11
mert_v0,unweighted,1.0,ridge_platt,20,1,20,0.14374192165381733,0.4506107429924554,0,-0.0002521432324595743,-0.00034734292550549217,-0.0026040883179560825,0.0042174532017899,0.0,0.0,0,12,6,-0.00035545040521294815,7.373160448671812e-05,-0.004826570936622726,0.0009752460995740286,0.0,0.0,0,9,11
mert_v0,unweighted,1.0,temperature,20,1,20,0.14402728031445272,0.45094468877490695,0,3.3215428175795844e-05,0.00011832739415720828,-0.002109633021081539,0.002049183124385373,0.0,0.0,0,9,11,-7.009174457757797e-05,0.00030829254913535,-0.004964923611901512,0.0021689873332282894,0.0,0.0,0,7,13
mert_v1,ambient_balanced,0.25,beta,20,5,100,0.15243414359272656,0.49349871688988384,0,-0.0038236043515961064,-0.002412335230116408,-0.011805311731509172,0.0036783133751677743,0.01357310894060092,0.02592267014639521,13,7,0,5.901866572265768e-05,0.00022052450723771265,-0.0020726069181571717,0.0019328395336540073,0.0032931214945453465,0.00687116040996491,15,2,3
mert_v1,ambient_balanced,0.25,isotonic,20,5,100,0.1600322113013356,1.4258676659344078,0,0.0037744633570129414,0.004850087909417047,-0.006139637700513767,0.012637624416172544,0.01622949869178735,0.03371878853773455,11,2,7,0.007657086374331707,0.007622086594610442,0.0023634451735643327,0.011743953206159041,0.010406513551848842,0.020142114757058877,6,0,14
mert_v1,ambient_balanced,0.25,platt,20,5,100,0.15237512492700392,0.48991245051948046,0,-0.0038826230173187636,-0.0020196029627477575,-0.01133590079302596,0.0039433867733904724,0.014265678963219178,0.026897969884925405,15,5,0,0.0,0.0,0.0,0.0,0.0,0.0,0,0,0
mert_v1,ambient_balanced,0.25,prior_offset,20,5,100,0.1442036416347653,0.45075077102698496,0,-0.012054106309557399,-0.011711959458884758,-0.01732837247033825,-0.006669489248083915,0.0,0.0,0,20,0,-0.008171483292238635,-0.007540769101795156,-0.013393590205452976,-0.0019664072502214745,0.014265678963219178,0.026897969884925405,7,13,0
mert_v1,ambient_balanced,0.25,raw,20,5,100,0.15625774794432268,0.4804082589744068,0,0.0,0.0,0.0,0.0,0.0,0.0,0,0,0,0.0038826230173187636,0.0020196029627477575,-0.0039433867733904724,0.01133590079302596,0.014265678963219178,0.026897969884925405,15,0,5
mert_v1,ambient_balanced,0.25,ridge_platt,20,5,100,0.14960470171304982,0.47052673267377365,0,-0.0066530462312728396,-0.006149046347274669,-0.013857219597314807,-0.001209880676130548,0.011498081905287335,0.03747060535164509,11,9,0,-0.002770423213954076,-0.002818886072554891,-0.0075104935525083846,0.0013551422798662837,0.01156730286205337,0.025172380097383762,14,6,0
mert_v1,ambient_balanced,0.25,temperature,20,5,100,0.16003540102886704,0.49920110317772587,0,0.0037776530845443517,0.0035999422543847442,0.0006602368586019425,0.008571368412518803,0.008116022913610174,0.030148194591111288,8,0,12,0.007660276101863114,0.006684635040510964,-3.9721576665913136e-05,0.015258630830348285,0.010801210191508434,0.0231051149977734,6,0,14
mert_v1,ambient_balanced,0.5,beta,20,5,100,0.14665423142123885,0.46142294893317615,0,-0.009603516523083843,-0.010206137700624937,-0.01624600014418171,-0.001821564842644441,0.00544686707796285,0.012246402102095377,2,18,0,-0.00012563754557541094,-0.00023350648202895286,-0.0025442052883569545,0.001557890805381734,0.0020205398769720965,0.004719960748533453,14,1,5
mert_v1,ambient_balanced,0.5,isotonic,20,5,100,0.15176878864459487,0.9156962883623981,0,-0.004488959299727783,-0.004811307963766154,-0.013993007527068413,0.0036199222315785482,0.006702974974687459,0.015316187578830465,7,11,2,0.004988919677780651,0.005092350249553302,0.0006766495542582629,0.01032664287678221,0.005904481818093317,0.012629932554458961,4,0,16
mert_v1,ambient_balanced,0.5,platt,20,5,100,0.14677986896681422,0.46089265055656803,0,-0.00947787897750843,-0.009984213905409045,-0.01613723574813587,-0.0020668792212250485,0.005549339651852643,0.012611505710106483,2,18,0,0.0,0.0,0.0,0.0,0.0,0.0,0,0,0
mert_v1,ambient_balanced,0.5,prior_offset,20,5,100,0.1442036416347653,0.45075077102698496,0,-0.012054106309557399,-0.011711959458884758,-0.01732837247033825,-0.006669489248083915,0.0,0.0,0,20,0,-0.002576227332048967,-0.0025140309208510738,-0.006954394877018733,0.0021421735372886496,0.005549339651852643,0.012611505710106483,7,12,1
mert_v1,ambient_balanced,0.5,raw,20,5,100,0.15625774794432268,0.4804082589744068,0,0.0,0.0,0.0,0.0,0.0,0.0,0,0,0,0.00947787897750843,0.009984213905409045,0.0020668792212250485,0.01613723574813587,0.005549339651852643,0.012611505710106483,2,0,18
mert_v1,ambient_balanced,0.5,ridge_platt,20,5,100,0.14590675509764642,0.45621594082501565,0,-0.010350992846676293,-0.010560690285575774,-0.01646365413194715,-0.005203629196706516,0.005677967598939138,0.0152185892834171,0,20,0,-0.0008731138691678592,-0.0007832879579881325,-0.0031367499754814676,0.002014866876465832,0.005626964870383558,0.010010952445952265,16,4,0
mert_v1,ambient_balanced,0.5,temperature,20,5,100,0.15759057724896852,0.4860646313236451,0,0.0013328293046458804,0.0012111606979944567,-0.0011661353151323716,0.003764911775516522,0.0037902559636638564,0.01358663994121137,11,0,9,0.010810708282154313,0.0111546171383427,0.004866027866434031,0.0184345688568432,0.004601273180021731,0.009753545892090904,0,0,20
mert_v1,ambient_balanced,1.0,beta,20,1,20,0.14387039206670119,0.45146542706977194,0,-0.012387355877621494,-0.013156168661132422,-0.018587284643194313,-0.003585429611291685,0.0,0.0,0,20,0,-0.00038297714434571415,-0.0005266033091275296,-0.003242030437524246,0.0013135184106093656,0.0,0.0,0,13,7
mert_v1,ambient_balanced,1.0,isotonic,20,1,20,0.14709379855063273,0.7035907981571137,0,-0.009163949393689941,-0.008479815576214828,-0.02151522239724621,-0.0010346763715507468,0.0,0.0,0,20,0,0.0028404293395858384,0.0029909513729615006,-0.0038800140910008885,0.006513445092879516,0.0,0.0,0,2,18
mert_v1,ambient_balanced,1.0,platt,20,1,20,0.14425336921104687,0.452078649172892,0,-0.01200437873327578,-0.012914526403870724,-0.01804533412853379,-0.003960879625223207,0.0,0.0,0,20,0,0.0,0.0,0.0,0.0,0.0,0.0,0,0,0
mert_v1,ambient_balanced,1.0,prior_offset,20,1,20,0.1442036416347653,0.45075077102698496,0,-0.012054106309557399,-0.011711959458884758,-0.01732837247033825,-0.006669489248083915,0.0,0.0,0,20,0,-4.9727576281620446e-05,0.00029356175177540356,-0.003860427304971631,0.0037018643709699206,0.0,0.0,0,9,11
mert_v1,ambient_balanced,1.0,raw,20,1,20,0.15625774794432268,0.4804082589744068,0,0.0,0.0,0.0,0.0,0.0,0.0,0,0,0,0.01200437873327578,0.012914526403870724,0.003960879625223207,0.01804533412853379,0.0,0.0,0,0,20
mert_v1,ambient_balanced,1.0,ridge_platt,20,1,20,0.14396079875355133,0.4506665333283835,0,-0.012296949190771322,-0.01259416915386398,-0.018166006332034662,-0.006438849343070985,0.0,0.0,0,20,0,-0.00029257045749554316,-5.597390274687808e-05,-0.004217452490017037,0.0009916875042718931,0.0,0.0,0,11,9
mert_v1,ambient_balanced,1.0,temperature,20,1,20,0.15652087668807146,0.48143917781928136,0,0.0002631287437488028,0.0001230667390300505,-0.001356802908945548,0.0025752326094265754,0.0,0.0,0,10,10,0.012267507477024582,0.012353308305492514,0.00476440010223933,0.01947794613498499,0.0,0.0,0,0,20
mert_v1,unweighted,0.25,beta,20,5,100,0.15261648689152613,0.49383137096413704,0,0.008597464237465447,0.008306197285236749,0.002299063871592416,0.01435874369948309,0.013599216031352552,0.02619568629920463,5,0,15,0.00021511751839758006,0.0002968500771292376,-0.001962514801255033,0.0019887529342601353,0.0031957917329134638,0.0063616207151146464,16,1,3
mert_v1,unweighted,0.25,isotonic,20,5,100,0.1599424209441453,1.417924221099487,0,0.015923398290084625,0.015945437229384306,0.010575114392485757,0.02344407990262994,0.015851243781824093,0.030470919208969854,1,0,19,0.007541051571016757,0.0063330836797375525,0.0029117863080064476,0.013140348515584493,0.010403888224145452,0.023129578000727208,6,0,14
mert_v1,unweighted,0.25,platt,20,5,100,0.1524013693731286,0.4902546511272704,0,0.008382346719067865,0.007530318410222739,0.0018642503928099686,0.013300073027095983,0.014189550541284146,0.02721279436453866,7,0,13,0.0,0.0,0.0,0.0,0.0,0.0,0,0,0
mert_v1,unweighted,0.25,prior_offset,20,5,100,0.1440190226540607,0.4504251865279073,0,0.0,0.0,0.0,0.0,0.0,0.0,0,0,0,-0.008382346719067865,-0.007530318410222739,-0.013300073027095983,-0.0018642503928099686,0.014189550541284146,0.02721279436453866,7,13,0
mert_v1,unweighted,0.25,raw,20,5,100,0.1440190226540607,0.4504251865279073,0,0.0,0.0,0.0,0.0,0.0,0.0,0,0,0,-0.008382346719067865,-0.007530318410222739,-0.013300073027095983,-0.0018642503928099686,0.014189550541284146,0.02721279436453866,7,13,0
mert_v1,unweighted,0.25,ridge_platt,20,5,100,0.1472419607984759,0.46476630519231066,0,0.003222938144415185,0.0031949275079218714,0.0002813543268910812,0.009594378517611704,0.008504447689605172,0.030870342570015544,12,0,4,-0.005159408574652683,-0.004818803779640701,-0.010232922180497633,-0.0015828960659188874,0.009457777043373127,0.019659371249055174,7,13,0
mert_v1,unweighted,0.25,temperature,20,5,100,0.14790854146224316,0.47034332753724606,0,0.003889518808182454,0.003582634653487335,0.0010808283825997854,0.007823722269530506,0.008834886875512756,0.030157106396030378,7,0,13,-0.0044928279108854136,-0.004749622650095192,-0.008535464139499438,-0.0006398389872136867,0.010739523554840898,0.019063925556643407,13,7,0
mert_v1,unweighted,0.5,beta,20,5,100,0.14685057540372146,0.46191956424143593,0,0.002831552749660747,0.0023231189334985388,-0.0023265197065814756,0.007624337940387793,0.005553132404704416,0.012472045786197275,10,1,9,2.7344461367493483e-05,-2.6260984104342636e-05,-0.0023414839531303413,0.001881577594719641,0.002048316811478764,0.004815720665622553,16,1,3
mert_v1,unweighted,0.5,isotonic,20,5,100,0.15182192300258096,0.9186259593690165,0,0.007802900348520274,0.00794393967634278,0.0027797459603753683,0.014572415748337259,0.006600154603818964,0.014430290916497113,2,0,18,0.00499869206022702,0.004885145424906553,0.000651900978193537,0.009749228483259759,0.006394829018521453,0.013201878342502221,4,0,16
mert_v1,unweighted,0.5,platt,20,5,100,0.14682323094235397,0.4612590094225708,0,0.002804208288293253,0.002670936480725197,-0.0016953656382818927,0.006905041825458469,0.005552441757705972,0.012968061517111149,7,1,12,0.0,0.0,0.0,0.0,0.0,0.0,0,0,0
mert_v1,unweighted,0.5,prior_offset,20,5,100,0.1440190226540607,0.4504251865279073,0,0.0,0.0,0.0,0.0,0.0,0.0,0,0,0,-0.002804208288293253,-0.002670936480725197,-0.006905041825458469,0.0016953656382818927,0.005552441757705972,0.012968061517111149,7,12,1
mert_v1,unweighted,0.5,raw,20,5,100,0.1440190226540607,0.4504251865279073,0,0.0,0.0,0.0,0.0,0.0,0.0,0,0,0,-0.002804208288293253,-0.002670936480725197,-0.006905041825458469,0.0016953656382818927,0.005552441757705972,0.012968061517111149,7,12,1
mert_v1,unweighted,0.5,ridge_platt,20,5,100,0.14475283492692614,0.4535090002862897,0,0.0007338122728654132,0.000602383034177953,-0.002302940135226789,0.003523947948811004,0.004346958473362838,0.014442443995545687,17,1,1,-0.002070396015427839,-0.0018959876435596004,-0.004915799631096484,-0.00014516490460963482,0.0041567117893324965,0.009641147208043543,11,9,0
mert_v1,unweighted,0.5,temperature,20,5,100,0.14534323103521346,0.45652491194217754,0,0.0013242083811527217,0.0013364147514922597,-0.0005213818344140641,0.0041443964574085,0.0037076768521955078,0.01259652484292366,12,0,8,-0.0014799999071405312,-0.0013913493715818099,-0.005594804231145644,0.0019071861716233262,0.004070350962355344,0.009922125695911693,8,10,2
mert_v1,unweighted,1.0,beta,20,1,20,0.14403351362037817,0.45180330822291015,0,1.4490966317462495e-05,-0.00011677074967576806,-0.0038739376954687044,0.005253124431921358,0.0,0.0,0,10,10,-0.0002589256835182213,-0.0002828696099276551,-0.0032570178248927384,0.0012001239976471845,0.0,0.0,0,12,8
mert_v1,unweighted,1.0,isotonic,20,1,20,0.14696439564948516,0.6997748264548747,0,0.0029453729954244446,0.003250849239207515,-0.004421653017487592,0.0066596131386482404,0.0,0.0,0,2,18,0.002671956345588761,0.0030198892294556745,-0.003944238840229014,0.005913097850514609,0.0,0.0,0,2,18
mert_v1,unweighted,1.0,platt,20,1,20,0.1442924393038964,0.452452718018591,0,0.0002734166498356838,-7.765485396880878e-05,-0.00326530936058117,0.004732539887344095,0.0,0.0,0,11,9,0.0,0.0,0.0,0.0,0.0,0.0,0,0,0
mert_v1,unweighted,1.0,prior_offset,20,1,20,0.1440190226540607,0.4504251865279073,0,0.0,0.0,0.0,0.0,0.0,0.0,0,0,0,-0.0002734166498356838,7.765485396880878e-05,-0.004732539887344095,0.00326530936058117,0.0,0.0,0,9,11
mert_v1,unweighted,1.0,raw,20,1,20,0.1440190226540607,0.4504251865279073,0,0.0,0.0,0.0,0.0,0.0,0.0,0,0,0,-0.0002734166498356838,7.765485396880878e-05,-0.004732539887344095,0.00326530936058117,0.0,0.0,0,9,11
mert_v1,unweighted,1.0,ridge_platt,20,1,20,0.14374935305163428,0.4502792601642264,0,-0.00026966960242640753,-0.00014649141220493545,-0.0036474476235728304,0.0026688984550829464,0.0,0.0,0,11,8,-0.0005430862522620913,-0.0004517234970386891,-0.004854196320089099,0.0013888042468798156,0.0,0.0,0,13,7
mert_v1,unweighted,1.0,temperature,20,1,20,0.14425144277349847,0.45150244120126637,0,0.00023242011943773873,3.722402854572371e-05,-0.0013662460287704736,0.002592469067767972,0.0,0.0,0,10,10,-4.09965303979451e-05,0.0005123450011787489,-0.0032088667954927597,0.0024676045402430014,0.0,0.0,0,8,12
